cookie_id,score
ck_99a4e5ef02d89493,0.01521149755885022
ck_54d463f7fd89ec3d,0.013743944513190465
ck_0fbbc7a6af300368,0.001755675864804878
ck_8fd4937eadd64fb6,0.0015869017438580814
ck_dbb4bd4eda97255d,0.0041138173379159908
ck_6e67225ba59fa5ae,0.0090664102521012448
ck_94b59bbc824b307a,0.0011989174047650143
ck_b87e88ee5512ea17,0.003551807253439912
ck_36789ca11459131e,0.064211700432799473
ck_4364a83a11743888,0.0020792969877901574
ck_cf59f4fc0ea690b2,0.0064806296558884979
ck_bfdd232a7c5f2660,0.014190539186372062
ck_84092e23d5ef4d51,0.048805297885204942
ck_c2925c50ebacbdba,0.0027961445009285499
ck_66c9a19963957531,0.1389948717826279
ck_d637a011332ba67a,0.0021977288082979172
ck_1bd753a4681946c8,0.98511507946314891
ck_c30c5844512e429f,0.028220463405474818
ck_396cea6f95186ad2,0.020035477722698345
ck_64a02b7b96149810,0.0014602019619279847
ck_b1ed2278f5f14d82,0.0061725874020817882
ck_b153386f1729de81,0.0073175727141991708
ck_601edf9105b3c321,0.95706176903510387
ck_d3a8333cb389f4c6,0.0033181896593529989
ck_3c17841636f6f7dc,0.0067787122408013243
ck_333544d173524f70,0.085287561086455438
ck_87c1d0a79e79c84b,0.0054222570827666327
ck_585ababa02383b50,0.0023810449894514549
ck_3e0149cdee4cb294,0.0060599780654854874
ck_b864f64101149c35,0.36167098888954591
ck_5b2728f7cca414ae,0.00054210834439995833
ck_cd7d24e3b095e96e,0.030274796907858403
ck_f3dc0725621b3a35,0.00094091767130367074
ck_9eb08369e983abfa,0.0012614515325777634
ck_7836bf6def26aa87,0.0082647563398602335
ck_fd4582e3853ef23f,0.0082887124379648347
ck_2cdad03ed069438c,0.019201426708298983
ck_614d936cef98db04,0.0080551747777828486
ck_ecc18f40b33be769,0.025320265689489679
ck_a93560aa348d6225,0.013583525064211162
ck_90f3655f0c8a0074,0.00081609068297950498
ck_a045a19369016818,0.99845704485163289
ck_69ab9d4784eb77bd,0.0046562761987285683
ck_61129937ee466b49,0.010908837823057434
ck_74112e47b8629c2a,0.031384902812794949
ck_d841eba8906e9a15,0.0015210614894558222
ck_78aa4b731cbfe251,0.016397370624519764
ck_25394c1b83e0b803,0.092113036852170288
ck_16c501470d9bb006,0.0023263028885240895
ck_69ff1b0aa143a168,0.00054869417270726262
ck_6d64190623dea714,0.0019557257960907603
ck_5d7721930106dce8,0.0047883318800843802
ck_466d4b5366c50b98,0.0010517856854433873
ck_641c8e7694b21f3b,0.0093492355033730924
ck_66779098e78c1760,0.0011260039904236684
ck_ed8f1200fc049c40,0.99370754858067978
ck_55f2ef0de3420e3e,0.0112546259707054
ck_968a99e097ee78c9,0.03930277162661968
ck_a98848eec6c9581e,0.013919947170808576
ck_7eaad325abe3b50c,0.00094397732220850036
ck_834ca727df855f07,0.060897906032294932
ck_6b1ab0742ff04c3e,0.017403757103712208
ck_fcc2059a8d5c41fa,0.098234911104474215
ck_a96887f841e80fc1,0.023710781346311102
ck_718865237134ebe8,0.0027389863793684404
ck_5df85a8924e11f27,0.0098763204962193738
ck_958c0bd61820147f,0.020533922854962951
ck_b4331140b2e0d4aa,0.0048076798707568586
ck_8153cdadd300d234,0.00077674147660021173
ck_d4c1da5a1427fd6a,0.073671960368345779
ck_ac32c6e374782b27,0.025352283288045861
ck_465cb8ce232c7670,0.0018853750729863525
ck_022a8ae79eb28cf6,0.98287504844798823
ck_7a7f3c4fe0c9d2ca,0.0026664440350389444
ck_4802a0a7a1882c88,0.14062650432257265
ck_8b5b5a6b5539e39b,0.98846253985262422
ck_9693b1eb70880205,0.0081947220270012552
ck_59a164c40c03a45f,0.0019385025258702767
ck_154c8efb19dee665,0.0056987752046914423
ck_149662b09d632e41,0.0053327510093709018
ck_ddaf228487858bb8,0.1178118802342438
ck_76c23726cd7ca947,0.0045243190887483044
ck_32eba3510c8eac5e,0.0061368400384586644
ck_41dd44308e6a665a,0.1547033995706093
ck_efbdcd9c181e72ca,0.0056216737210884205
ck_771247b5bc16c12a,0.004473842729668269
ck_692a9e8f504b9762,0.00067041236428754165
ck_ceb017baa26e98c8,0.024725482197270148
ck_908b663b2dda94ad,0.031894396637369378
ck_29da59ea3bffb9d8,0.082930235625732096
ck_2795921a055643f6,0.0037363362934939187
ck_fec888a7108ca52d,0.99377169234127138
ck_37dab6a0a536ed49,0.018437226009919285
ck_2c1def5c91c52a5b,0.90285256992729224
ck_0cb9f54928f4feee,0.0053259651963864308
ck_677e1d0c14cbf569,0.0013729908513129077
ck_192fdad892782daf,0.062250434029653821
ck_e5e2624b7fc89774,0.0074594156820450399
ck_5138f6c575dec64c,0.0050740168957509905
ck_5f4a25ffd0b85a47,0.012827101897592999
ck_aebb42afe430e2e9,0.0024395849886125688
ck_44e9a18a8645c9d3,0.0038964948705700764
ck_79ba8e85678d0224,0.0034479475055955448
ck_ef1a1de20d2124cb,0.013733993746985059
ck_e7d903c50d353361,0.13904475408507247
ck_bcbd8588a13f5eef,0.00015399646476902719
ck_80e3041811033443,0.031066617376202303
ck_bdee1221b9addff8,0.0011792971793865902
ck_dfc933493561d84f,0.010984414954926186
ck_e0f9506a6d5f4a1a,0.017995620249973168
ck_a911a066ff0f7b56,0.024508287090276023
ck_5c45968a805132e0,0.019161876372912778
ck_152820d8817f478c,0.0026681791191477508
ck_13f03ec785cbdae1,0.0011153177229393213
ck_a662b4bf900781e4,0.00062278472702767692
ck_0c0dde42ab64ef87,0.014689941043486875
ck_cb3a40594da6a2ee,0.017181178940638146
ck_a69084a068bcc8aa,0.007965670724972557
ck_f3bce4eccfa6d6bb,0.0046914785960427462
ck_794d8935a895e33f,0.01633983790552956
ck_5f217bfe28954e75,0.9570910793323294
ck_9700a00ff9e66216,0.015692512682061101
ck_9a66cb13a9884cc2,0.011327951456840272
ck_522477be6376b450,0.006505220612610294
ck_4f6ed5ea5ab7c429,0.0020096046501371927
ck_f5882e6f98b8b4cd,0.00075980665978812433
ck_ec01ae5351500355,0.00087643041184477452
ck_cc276f71ab6c08fd,0.028793485380095424
ck_b06ce826e593b210,0.02150794427633473
ck_1833c81d693c1e07,0.84653502863101315
ck_b4ad165ace910222,0.0053587046184850216
ck_7ce44f4e06d58111,0.076441642472564603
ck_804c5a1fa5753617,0.0083178242777300175
ck_db2c0908150cb2cc,0.027305545531961222
ck_8530158e3d7f59e7,0.0036748888652711302
ck_efbc79246e32c66a,0.0083606183394953348
ck_dfaafdaefa5716b6,0.019376599190211868
ck_75f968be67f46d24,0.0050823224660646446
ck_3715bfa7fed2c675,0.002391676056316564
ck_b5935e9722a39819,0.021869069528026121
ck_e83409471d2b0b44,0.029093127996320842
ck_c729d19053387be9,0.054218631007310308
ck_38d4ed52cbe6d123,0.031551002393363038
ck_ea835557d7043667,0.0028140398987111215
ck_95b48972061abe82,0.0020361347976243799
ck_2981d16f8a51a8ed,0.014566929166479118
ck_30bf5b0056eea9e9,0.46378974741335877
ck_a1c7adfe26e09a8c,0.012061548513849153
ck_1eeacc26f02fbba4,0.017274250608927691
ck_044fa3b3a003f0b5,0.0094654338489665504
ck_6cabb1a133f0b151,0.0094106827367569593
ck_b71279e807d0b3a7,0.0023039331388101155
ck_ba68841ca2ba073d,0.025291578252098643
ck_e1790b3aa2241b10,0.98094124503844815
ck_0bf48607a874b4d1,0.00072432410139266373
ck_fa8a4a9e77799fcc,0.011976176326316401
ck_52c311f29ca3aca9,0.00017086232292422542
ck_42c6973d3a6fe983,0.0009416973065822635
ck_b524f7a2e752b9d0,0.0065654119915515155
ck_14e58c3fb26a2b4d,0.012792943273606947
ck_ec9976cabc63ff92,0.0038530918880693692
ck_9f50920c894f64e1,0.0028335856166535611
ck_0259da8f109017e9,0.0011640430886911042
ck_9d8e9ef37797d3af,0.1871621493938927
ck_2d28f14d3973d8fb,0.0010246746360409317
ck_f5b1200dc6f95760,0.0047444624684295023
ck_20d7571ba830009d,0.0040345174936224628
ck_54978a073e7a0b1a,0.0024196391720258292
ck_6236a461dc0d11a3,0.00310823580770161
ck_7d3a88d1aa649708,0.90612672643607528
ck_742f7c28ddd019e8,0.017762632575901473
ck_d979ef95ee44023d,0.012954206186927452
ck_c01c85bd631d4054,0.0024582608323205604
ck_1e832a5b2342554f,0.017042824906424687
ck_9bf95f8c47e7c7b4,0.0025998287219337465
ck_6b38763bf5ddbcef,0.0057256779732218852
ck_bda4041a3e90d860,0.0056417404961293998
ck_703499f5410280f7,0.0028494518948133578
ck_1eabc15a94bd9009,0.0039176988647493631
ck_d5bd8f68da073cd8,0.0083893894023250367
ck_6e6258227fc8db7f,0.0021446279364401156
ck_be9c46acd216b45d,0.013735138835714361
ck_e2f88e202b6f700a,0.0083058544796180897
ck_353a272478f7e903,0.0037795902077945821
ck_a2c9796ea229a4e2,0.0020085583388735622
ck_acee218cbe61df69,0.020661270140239246
ck_9704c5cf8659cedc,0.015627664063255636
ck_4b0947bf94e9d847,0.0090222632547690817
ck_bb113e3e6716ed65,0.016697183817385015
ck_60b4d59953505682,0.96389344906279029
ck_7dca4d7ee10b4eeb,0.0013913652171629021
ck_4863077723cd6ce1,0.00074904981635534964
ck_469a0578d05990c2,0.0014990342738862468
ck_5db1cb368bc41ac3,0.0045703798403467465
ck_b72c7ac4208052ab,0.016829232344780815
ck_abac514d8167ea58,0.044808298514103444
ck_6de2aa2bb60978d3,0.010889473473066895
ck_186dbff4b24a3bbf,0.047406089003956237
ck_7f15503048915d6f,0.011891424405661545
ck_c35e03b0dd0c3454,0.0074505195314887983
ck_2cf8a44e041217de,0.021227150073322664
ck_91955aab3424ad16,0.0037950821587663408
ck_a032e8ac1507c6df,0.93634832645478294
ck_342a79f91de5d1fa,0.013386497893448859
ck_3ecd8a5ce65e21ca,0.0069431524814713742
ck_45424ea6f0bc4650,0.16670247030688087
ck_41346ccd9242cc8f,0.0010078550901932277
ck_35d6c510ad29362e,0.51794097317227794
ck_9de191bf79afd676,0.0070673076867045952
ck_6de6b1663f9457f4,0.0013103627543723435
ck_61814ae9b6d8eab1,0.0021089023245733684
ck_60187ac2c473a662,0.97766665601943026
ck_c0b50c11e4f5adf7,0.032967147162535383
ck_062754f8b79b86e5,0.00099750252206675153
ck_0027b5d4107d65d8,0.028466140044776565
ck_d61c837b0106085a,0.055086874935904362
ck_a99e0c258ad7576b,0.0021356715847119625
ck_e76257caa98dc25d,0.95797125508094816
ck_9a65fcfc7916f93f,0.00079942737983043416
ck_c972b0e781efed3b,0.00056688282588605659
ck_3a632cdf2c19051b,0.015709293023003928
ck_9724718fe64c6557,0.97269914859054074
ck_d44dc3839a195c8a,0.018640533609958577
ck_2fc70b6baf6a0e26,0.0037500452025136751
ck_b4911c42f3bff740,0.0023056734802671601
ck_53428573abcd606f,0.063170227130254705
ck_c8198cb4c461304f,0.013088122969722225
ck_852c50bbba1ead13,0.01657419590080585
ck_d5ef6dc116dee408,0.0067980340376019299
ck_3ac528caac74f563,0.0081457969349676158
ck_1b0b7c3d35ab1259,0.018107519357014309
ck_f1a9d832b700bda1,0.9943537173345266
ck_343e6ed2b9d35c01,0.064945998659387938
ck_803c0b4cf9d4bc1d,0.010607321496695896
ck_c457e9c9224b773d,0.018589233239819574
ck_d305b4d82f63f647,0.0010318285043085617
ck_22bd0fc71f95e048,0.024207498458682686
ck_aab23b5470469649,0.0056432560835480601
ck_fe0a9372c9372de9,0.0018012828702777964
ck_f6c909c205767956,0.011295559339791046
ck_295bca29c34cfe2e,0.0058939654982593064
ck_74e60495f8861156,0.0085562520234388033
ck_bd20be9a3392d79b,0.0048148454033821947
ck_952da7ca9f33decb,0.0061951845441455241
ck_900d62b3184378c7,0.0010822075774149268
ck_eafe9b89857149b5,0.0029099247769149021
ck_509cece86a558de4,0.0043147313269651022
ck_c423aa6de3ed1e01,0.0010344066379128403
ck_b5a84c5547378c10,0.00062096617741114375
ck_9528e1d6b1707870,0.011210049407372526
ck_668c7fc7d7e47c0e,0.060533575174433835
ck_5d72ff6cc2963d1a,0.0034149863537388317
ck_6c084bfcb38e96c3,0.063182539831869902
ck_66439e697695224c,0.0019036433454211264
ck_e975002c979e12c7,0.021270646513213861
ck_8e039b23acaaac00,0.016603244734617974
ck_9ccb17c35e636c5e,0.0024028474626126718
ck_abd3aa292f8edb4d,0.018150378828781392
ck_3ec9b9d8dd7be11c,0.012716084530952281
ck_d6f5c8741697abb3,0.0071913796417369625
ck_5d75ea4f5c9080bc,0.53244459828673452
ck_a4db6e94a8f77f9d,0.021573051650788242
ck_01c1f06692566ca1,0.003980774623973512
ck_dac7c50bd6d0148f,0.0043516564263609524
ck_857a1f5547b9ad68,0.01616055909142913
ck_aefd1ce3ce093cbd,0.00052850703667742097
ck_7b59d22cadef3b05,0.079650703112187735
ck_6bc0e5b8c0b7d2bd,0.074942557976387741
ck_2c44ca550e5cfa82,0.016584611323753429
ck_e4ac22046699b99f,0.0090333845129728797
ck_ee7a515e87d17d4e,0.0033559357689100584
ck_5e512ef5362a3dd6,0.0050614403943293187
ck_df1f2dba802296be,0.97128581084875831
ck_49bdba9ee1899dfe,0.0059444117532609798
ck_52730906e5b461eb,0.79333738416582378
ck_dab34cf6f0626c9b,0.016778703487224374
ck_f9d8b4813a88c1e6,0.0067380249227347033
ck_c0c4be3f44311b04,0.0018266039499830727
ck_ae3b47d6e1063704,0.0060599776212226942
ck_533672fb40531607,0.089056632469602701
ck_2a244f1ae08ef83c,0.0023876242233079573
ck_fe429ba3e1aa0e4f,0.010309591550647803
ck_18444be153bac1ca,0.95652191909841833
ck_2ef76f1f36e8b869,0.18577078440989481
ck_99ee90946395d74d,0.96428113305715024
ck_bf2228a052815840,0.0046392418653412558
ck_1bb212d1288b9689,0.02725207553213967
ck_9949f53c155b8dde,0.0024780377410180284
ck_04a1a46f07885296,0.0075936484236556996
ck_70c7679199776a90,0.0094090108258688271
ck_231e6dd1fe708000,0.0012314117026267298
ck_e013d88ea7939616,0.0045462344023848309
ck_d229cf7f5a3f38ca,0.0047407948542628094
ck_0ad6fa0e23c3bd0a,0.039948958025335532
ck_3a3daa8b376f2a18,0.0041982483206298802
ck_f0d6633d0834fff5,0.011217570378004832
ck_5472214011fbc2a7,0.0011276168198372956
ck_e0239e6ae30795a7,0.014399203893081032
ck_646bb3c7be5f0817,0.021448139470309931
ck_a9e7f3b2d5dfd97b,0.0013748665802580595
ck_d5ef1f6e34bb35b8,0.028470207590532027
ck_615277c8a4e2b18b,0.0078329488840774199
ck_11318f7c041a5ba9,0.0030764040273314731
ck_6d69e092f9b0848b,0.013576593116983691
ck_fbdac0221bc03f66,0.0087798624167357234
ck_3854c08d17704347,0.039903946359920318
ck_a9989a3a94c26634,0.023837700276302803
ck_d3cfb3603f2c6ca3,0.025740991721292947
ck_ba54e0a1c328119b,0.97488220631772748
ck_ecfb771ed2352085,0.0086388519021219131
ck_2401e8ff89e574fd,0.65635856624543498
ck_54e2eb018d947790,0.0018231885363526686
ck_ad7269eaa65c67f9,0.0035531041524333494
ck_cf2ca4f286e289ba,0.062331405686751266
ck_ccfc9ab888ba933d,0.013867110703050869
ck_c881f26c9bf9ae42,0.58248328154203666
ck_a7afdac4ecbf2de4,0.63713938202248155
ck_57d0a7eb7eae2eaf,0.020661289406905804
ck_3fb95862b70f505c,0.027695421774945574
ck_5478eb69ef912785,0.16961074462628634
ck_bf4e7d48770a4a8b,0.034578393302312598
ck_5875828b11406398,0.01254522495569285
ck_3019afee83342701,0.010662197131886727
ck_dfa0ac11fcb1dabd,0.0013775676085915054
ck_2d695f8358383092,0.014263250850720506
ck_7717fcb100dc4b5f,0.018272130161998312
ck_682262b455a9edd4,0.00027066817236831586
ck_18270fee7c8fcee8,0.00154777619831762
ck_e6d3ce445b86003f,0.0010869889251107774
ck_61d7b0568ec5d6cf,0.024919166626419628
ck_bd1bf9e3e29de281,0.0066706885596559762
ck_7ea0bf310fc20c7b,0.97930030420556602
ck_328696b8f5e54ec6,0.051826580336216801
ck_1507f5aa50cdf3a0,0.0065050209652610051
ck_ca10102961f99eb4,0.0018766705842477066
ck_61b79dec96d15713,0.001383984531647218
ck_ca7b993e8286af7f,0.42338730103202965
ck_c9dcd92b2f836b61,0.05731258475418901
ck_fe2fc7d6e5d83f09,0.0018772218491571371
ck_b6e3af0a5119d9a0,0.022535110459943171
ck_e535fb0f0c00418d,0.029961133574383129
ck_31109c899336348d,0.19063746630193432
ck_d4e024fcda401a31,0.0035041565191181244
ck_9cbef9bc95449dca,0.016281828093369272
ck_a397cd64ec5d644b,0.013985983678739459
ck_b0f191e44f9b6f35,0.014902089140557852
ck_3049d744b527f4d0,0.0047998573777313213
ck_6f661b428d6fb8e4,0.016958136693192395
ck_da59ab47cb6284ad,0.00077708288007901033
ck_5576ffc6aaf6f22c,0.00078366716813858155
ck_8955d7b9030d5eb5,0.010008456504618941
ck_78a61215675b38f0,0.011634148074308945
ck_001e42551cd06e40,0.014683858459318695
ck_3b6057d51fd4c7d6,0.0036245428376601475
ck_87110d84872c0fed,0.0077675600743389306
ck_f034adb57391f3d7,0.070553722533859609
ck_d84b5403da4cea7b,0.014492908288385762
ck_f04062216f95fa00,0.014846990424179465
ck_d9573100bbff4014,0.26746629304584757
ck_b5d0d223ef56473f,0.017294541872148315
ck_3aabf5e0f4defb41,0.0025424423195470071
ck_ac449ee0c315edde,0.0040021532576616937
ck_085d8c42739e2b10,0.99536477786597555
ck_937402a60df0821c,0.0010604450435047876
ck_cd1dc68e441222b1,0.89119834037107093
ck_714c5d7cb17bc9f2,0.0041483015516466772
ck_1d01b4a609918c4e,0.81836990019042866
ck_cc1c0b93d05b7d20,0.13951253387154264
ck_46f4e1f5026f4d1b,0.00018956901208618112
ck_779491819995625d,0.88012141399537858
ck_46bec0bff167ed3f,0.042925258734077314
ck_92d679d6ac7dcdcb,0.027489796903974673
ck_22a7cf3b99c5e5fd,0.0067592032297839116
ck_09faa4e771cf876b,0.006458244650037373
ck_0b2eeb4e00ff7955,0.0052811966581456891
ck_9843d0e61c37ebe8,0.98239935388133171
ck_e2f792fae128b18e,0.036495641879685348
ck_00aa5fc3b3bc66aa,0.050869549303296922
ck_3dc378f37d0b74b8,0.010509263757711411
ck_5e98ed6391d9f429,0.04210788255912104
ck_9036b2e5e9298a34,0.0049948870856674002
ck_a1cdebfc42a52448,0.003248867563636606
ck_5f48762a14a0326f,0.0014535605411924776
ck_8adb40b168b59d7c,0.012593273574308828
ck_c08e64d424e56c05,0.021789027513666133
ck_68914e67343a7d32,0.0038849853412028755
ck_09e9c51eb538b255,0.005722070333881355
ck_f9a68da9e0f0bc85,0.0023020230703043173
ck_498a0acd450944d8,0.0036676400874734306
ck_67ab6f9e05c85085,0.0052005866757226255
ck_aac70764dde15168,0.0075581299314863874
ck_e5ece47d0dd10526,0.008916237171072686
ck_aa8b9b36a099e4c8,0.018911546394043393
ck_8d2f62930777416b,0.032720136439128758
ck_8312c49b1431a406,0.017256899021089324
ck_6438ae81d43cb196,0.0061094212635085
ck_949f08f8e80e93ea,0.0010588227033927994
ck_f9b439c9161c3e52,0.00092157171248007552
ck_4dd4ed23e0b927b7,0.067643469491727642
ck_18b36d342b530af4,0.003605159837248149
ck_8c8c98cc694ac900,0.017533795203414585
ck_74b502b20690ccfe,0.012882903577285446
ck_7f0c4f609673ef62,0.013626317162048394
ck_02241f3dc301bebf,0.022526823435043208
ck_6e5752b87324b58c,0.002290951588763072
ck_b4068439c413b150,0.030537623787850098
ck_bc82fb1895fddde5,0.0012785240645504824
ck_0a45d033d4e280ea,0.013558579895100923
ck_39a3f1da060e88bf,0.012594776473020076
ck_8f1cbc432e2774f8,0.017413668117694504
ck_8ef97b55a5fd6ec9,0.0016697797740029762
ck_aded05ada490da20,0.0072028063687524374
ck_335e63101b1e6c4c,0.052961533003137794
ck_e5c30947b732f661,0.030480546080300066
ck_f824b326d5089885,0.13176402206324669
ck_a4d7f6a5869d440a,0.98260930958505011
ck_58e20f5a3e7f11b8,0.88719091935545025
ck_a04403073c90ce38,0.00070514568976295347
ck_9eea37d2de633b27,0.0033403600447573915
ck_fecb39c82c43e76d,0.0025759989112754175
ck_f5adad75e1c06731,0.014003150124571645
ck_43dc13b6b6d31297,0.039636953795410206
ck_3acdb083e0d8ad61,0.00078642285591062704
ck_54bfd70022c66983,0.0019416750459594666
ck_c422ba389ff00781,0.00094702926520945851
ck_b26cdb2b7b165d2e,0.019056195653652873
ck_4563227b2038ae07,0.081556813750225374
ck_355c4f29089731e8,0.98289183654481294
ck_fa4211c4d826d830,0.00046484303998554731
ck_e886ba71d4a6fd73,0.013103140615155946
ck_f76d929541ed41dd,0.019645810291946567
ck_0f37c554a5057801,0.89898917582898463
ck_0a7ba51d626e932a,0.024862788560355443
ck_55efc92394fee232,0.033703506604322239
ck_1df4b46c0a4c317d,0.01505400891460645
ck_ee52c7bf88f952ab,0.0053900049702658393
ck_bc273f3ce79f7e1a,0.0023247484878391169
ck_9371c700d9830326,0.010822473345248849
ck_65acc43a6dc3e65d,0.0024534920835579091
ck_b0ee3a98175b462d,0.0014646752378926007
ck_dfbb2056f1ef7d3b,0.0042266894092940271
ck_5043e474f848346d,0.006747821809516651
ck_6be8ae9d78148882,0.0024088948282975256
ck_fd4cf578e87703ff,0.019166966758840151
ck_8b24eadf6c72b30c,0.54937387435940899
ck_38c1c75cf055031b,0.023827979449925187
ck_c8001bdb9aafc8a6,0.015838279427239275
ck_d598fe8d2c779ab9,0.016058632990902502
ck_af25c72d16299258,0.0017582300094905546
ck_0c1f088e17e46daf,0.019858435303625743
ck_6c7b41374f9b2e55,0.0053805510139505767
ck_e4fd8cbd842b6993,0.003991313992188098
ck_220fda3c11c59b6c,0.087361138939957533
ck_e3e95546a84d0ed8,0.024802359482726303
ck_53c8315b5c30acb4,0.0017623926069367413
ck_fdcb1d9265d8fec1,0.019239267750845074
ck_94f4266ee7871345,0.0017263180796247685
ck_7a7e40ee3f97c035,0.20804967677027711
ck_6a519bdac0d94527,0.0020401929518872311
ck_ff30dda2c881a4bd,0.16488714046774511
ck_e7b4016909405981,0.00063722482455837583
ck_1abb93f6924645e1,0.021649332576360966
ck_5e74fdadb93ff293,0.015655121355189386
ck_fc2a6e27b10b10e9,0.00069780737075783811
ck_47ab8e51e5b3a2d8,0.00094442362460467886
ck_246989b0c288664f,0.013047434960065276
ck_ddc7c1f3d45fe6e6,0.0080388608672043969
ck_0acc3d8c67218b9d,0.0016828151537771096
ck_4c840e5585a7b167,0.06810014561372385
ck_1d30eef7110809e5,0.28567629071087719
ck_ebbc9418cd41f692,0.0011633504430276598
ck_93cc12703b500613,0.015654474228302451
ck_5060aefcc8b6f958,0.0039412548989980947
ck_0595c2a0c7881e05,0.0044273488191724454
ck_d9735647a6b0b0a7,0.55509103685778549
ck_f89719a854fe11d7,0.0070564629652225454
ck_d813e15ac91f487c,0.057970557724760063
ck_cb8551453a7bb929,0.0027715860924514748
ck_8642e3b6d84f49d3,0.0035960671748692745
ck_9ec7f334604a228f,0.029921710622669354
ck_e0b7e2c0bbe228d9,0.00084851600477346256
ck_e7b40b60786c1530,0.0014281348994201095
ck_edf229c17d25dac1,0.1378034506709194
ck_4424a5223ba2fe00,0.0039688882362970482
ck_c96ae2c28086a059,0.015819847772706865
ck_ee40498cd97183d3,0.0031062210765050256
ck_13d1b192bbff8f32,0.0047996070443984424
ck_079bd18dacb704a8,0.0768744001902954
ck_884168153c9c0c81,0.0012781607329906254
ck_dbe58392635133ca,0.036482009277986373
ck_9440335375701f44,0.0056330446012191424
ck_9083ca9fec2a7f4c,0.0048351035787264057
ck_2f9fd36a4a40a6a8,0.00070414013794698252
ck_8bf46e472f3e20de,0.11820590864816279
ck_a76ee3b3e3e522fd,0.056623896654203282
ck_9dd7daacb7833233,0.0045320902376187683
ck_8eaf9509ad9462a0,0.00094537739335813899
ck_c5517923458106ae,0.0027174814788934834
ck_74a4244eb1f162e4,0.00046717415412304234
ck_fe1b1adae3be70a6,0.75625513779885289
ck_571133b2aa8ead51,0.013497735182972674
ck_2b87683c90acb852,0.011627038285644238
ck_3f730318a9792292,0.011161020079575899
ck_70804f60d9704128,0.037924165473492297
ck_7356f47dbbbe7904,0.0014274474251782124
ck_e7651fb87bb24132,0.00067450178444144451
ck_4a59f4e10bf45d7f,0.0023625682659503874
ck_98e337806104dd88,0.0043781472201310989
ck_c39a9e75760e3201,0.021158924437012283
ck_39d5f6c17c745ab1,0.00092768437271751648
ck_ccbdfe744acff8bb,0.023778495190391481
ck_d6ba7ffd2ae08863,0.0074165592069898537
ck_0eeb3d9b3e697edb,0.0063049894660124218
ck_2a65f1cc23f1180e,0.0013559957707963491
ck_c91b7fccf6aeb4a5,0.020452540640914063
ck_e55b7fa67db1ec27,0.0014000503694902831
ck_214af0806470ef48,0.0063665313844356638
ck_7fbb709a0fe95759,0.0016808902073433068
ck_4a9a791a1d409a3d,0.022416873971084626
ck_99e52c3c2530b69e,0.98856916743685685
ck_eb3fb1106f2f1b21,0.019646109719185567
ck_08b77ad5f8f73007,0.0073720382929584778
ck_934fb5064b6eefe2,0.0010575281869001278
ck_6a92cf5f4cf5de38,0.010083252378502132
ck_9ea5872f14cce338,0.018786084670120842
ck_6ff6883633b8c7ba,0.00081304786513957696
ck_f19030e6e85a6776,0.013249083645446413
ck_cdabe60ab59f9d5a,0.0059100698530967725
ck_75fb7e56432ee4b2,0.0027490137341895505
ck_bb84b2b30293f566,0.58958304022591923
ck_b898d912d1181ef9,0.011567772621106599
ck_348a525791ae6475,0.028591168726908943
ck_18ddf7e836256e3b,0.0070860201476524208
ck_5b73d7c5255e58a3,0.09571043498507216
ck_48d4d63beb26b623,0.0048818368995159726
ck_020eb0e454524ecd,0.0012793838144129861
ck_961ddb8ff55d868e,0.00043765135775553733
ck_109fc467ec0a4af5,0.088137127241180849
ck_a872df31b28a5f7f,0.030392114455391171
ck_f0093064aa28f4d0,0.014931918148827585
ck_2b699066665abe8a,0.019714466618292369
ck_a17128972d3e507d,0.019400579655881985
ck_8f35d229b62c8f23,0.0030350786503813361
ck_ef8a6af43fedd464,0.00097759030606840822
ck_1e6628879e9d653c,0.0086388231223823927
ck_0aa9db36eb16422a,0.00063156356288497455
ck_b53e88c0e927d896,0.00070086211431787668
ck_a9cd84a6dddfe584,0.0094736997858005188
ck_b498fa91a0776ff6,0.071739296686014156
ck_69eda24e931fb36a,0.00052114503249577136
ck_1f0bafec397da8e4,0.043321972636615733
ck_523dce06515b072d,0.0079341816858548679
ck_404e2217fd87fdd2,0.000715460850512476
ck_6b954c75aad8c012,0.01999381722445006
ck_614f777c2eb5d537,0.00085986021076995731
ck_7f8f864fcc90ca82,0.011439736925658995
ck_58afa1550b3b5294,0.0038682571128913902
ck_ca149244b54ef3ad,0.00036830622892845415
ck_1573878386886290,0.0033132591563455167
ck_7ecdee2d7127be8b,0.009488935904223705
ck_b667952253503174,0.0016734858927756966
ck_c8307fecafa90140,0.0033013501725558019
ck_99a92d710a29c1d0,0.0031614861581253833
ck_bb6cf7e7b707731d,0.82780009611726857
ck_fe3c1d0ac090d960,0.052645929493160319
ck_fc60f42c68c7024f,0.036582578787872341
ck_f71a4094e889c3af,0.0019523719337235059
ck_22311b037456a76e,0.0008119533181820647
ck_fb90408f4892a21f,0.0079859594170909771
ck_5866b413549765bf,0.0019519584493967385
ck_2ac36e1dff211d38,0.014558107240465216
ck_ba8affe4b9505a95,0.87361409310867844
ck_1b2d9cae92a1aab1,0.040765223116427961
ck_58f4c3ac61fda129,0.062623608053662697
ck_a378c58294001a36,0.90887922273610522
ck_afc484d1b6907983,0.0014380057805920359
ck_030cf09525dba4ba,0.0013309192519655702
ck_babb95a76c69509d,0.054690636531400896
ck_5662492a54e6688b,0.056596679849528909
ck_db4083a0d043def8,0.23205422127574252
ck_c0032232c2868328,0.0056837723938621132
ck_cc91bd7152d3e9ba,0.0060831302934565377
ck_c484c5bda389bf20,0.00041379445063359109
ck_a7ea00a1760ad561,0.97338220634413286
ck_cc90e219f1ebf390,0.00090015982360872244
ck_ddd65711b5651f89,0.001191055570694546
ck_f589f1e29301b5fd,0.0057904217227567447
ck_8c6f059c95872126,0.0018103165061384675
ck_87f82b2b5fee757a,0.0083800789084467284
ck_3abfc010091d679d,0.005178556590767467
ck_b8465b1a5666155b,0.0072293197799743261
ck_f0bc3bdee6bfbb94,0.01777494017320784
ck_767e0be086b5f601,0.022011987000341487
ck_96810ad39d4cb7b0,0.024835328009033986
ck_9741a82faf5c7889,0.030813613398965906
ck_97ffae702f7c3d08,0.0013390004317573772
ck_963762210edc5694,0.03234456481853798
ck_5ff6108056a3fef5,0.0034225944120907167
ck_3168f4f2778d64e1,0.0059162104543586313
ck_59d086fab5998646,0.0087316477446421122
ck_43292f70a03ddf2b,0.011481658382955388
ck_0b259620eac51618,0.002096556830607171
ck_678e74532ac19700,0.0094235899465683077
ck_52e1418cf1aa9871,0.0070209618600418321
ck_4f875342394c110f,0.0098953315677581082
ck_4f639f4ee6ce8d9e,0.027779956520782453
ck_36224a2d394ebfe4,0.047281403271366297
ck_fc4bfd6e739bddea,0.0017639560998635412
ck_88ec57a11b11f702,0.95597350310092488
ck_896096cb167254ef,0.021448609005113674
ck_c920901b9a4ba993,0.95823453840735695
ck_2ff1860da2004c84,0.0038482856619888066
ck_631ea1ae91ab333e,0.043809230381777524
ck_0b9fcff9667ec05a,0.0049394096479503137
ck_d3eab7a06eb48348,0.013828885988456691
ck_4dec3df58077a257,0.074443998910998455
ck_73d3689728270a2b,0.0013531929737038877
ck_961e7dbc217cfbbc,0.0018647712405419844
ck_dd97429277a2fa00,0.037871219806599708
ck_5c37f7563fa7591d,0.0039005399617181549
ck_f2ecab85d4693b4e,0.0087182299680396581
ck_a0e3a2facd508e49,0.021679176917104259
ck_02e5f9cbbbf2f078,0.021563212455228815
ck_d064428b7e7dc409,0.0049830437433494492
ck_4f463ef25325ddfa,0.69109896734396126
ck_a6fe344bbf67f14b,0.02074346155769833
ck_e03b7d0fa0b28f4b,0.0045332430292493141
ck_2f6b33bf46976229,0.0013398766776966825
ck_9c60ae6958d68dbd,0.018903704630597099
ck_d730ff21bfd7769d,0.005012683371600637
ck_7048bedd554c703b,0.0021697163617896823
ck_9e0383e1fb6e214d,0.034864161353788399
ck_733aff0f56f5b3c9,0.022254859436212766
ck_11af112667c98394,0.011700264173170617
ck_004efa95555437e9,0.0031272662057225554
ck_7de6997178207800,0.00097130200104041174
ck_68dd79a51eabf5e6,0.0096349959201442702
ck_0567302c57a2417e,0.060021109466172576
ck_59de511b20c842ba,0.016848800379651713
ck_f1ef5cf7f10b16c8,0.01213643089473122
ck_6a475fe324d7d790,0.01160760512977114
ck_31199510b40602a1,0.0026682838189316942
ck_2a6d43b9f883b78e,0.82976253050279414
ck_788e78065526ee19,0.012151214636481517
ck_fdf89dc69f700f84,0.088393541887865107
ck_02a8582c2603e675,0.015521312261156238
ck_9c9e8a38bd5a6c88,0.028838865344914564
ck_1c2dcae19539e148,0.038738915590451145
ck_c7a9c7b2eef46a99,0.0054593271202261866
ck_d9f8efa6a7800f76,0.0083983636815389059
ck_03c4fa4f3ed3512e,0.0025633255435149019
ck_c80a94d4660041fe,0.034015101991283693
ck_4819327a78615485,0.00045532326278222154
ck_ab3de3d3e41c2082,0.0034497212889224374
ck_e86ad2fe815b6ed9,0.0049090070986675073
ck_c51131e53baa59c7,0.0021447317839106222
ck_e963d8525018d072,0.013617455559203098
ck_a4a01fd45936b078,0.032758655338070666
ck_66aeb00e44486cda,0.25751650158153411
ck_838c52cc1d315ec3,0.0069551593684451032
ck_d20d4ba60eec9945,0.0093509124937665843
ck_1f1273a67cbad5e5,0.58337311975790085
ck_44e57a0bad5a0745,0.0088231992936003423
ck_9df7e153868bca13,0.0042390591624740124
ck_50d7c4dab837bf66,0.0033236377715581173
ck_9cde4036d0914427,0.0041519311258576986
ck_d557b9feb241b3ec,0.00045976882936661336
ck_ba4a6b9aa63964ef,0.0057563574192405001
ck_5ccc0c94e5e1f849,0.012955429534661526
ck_3cfeade2cf270fee,0.0039747135764712192
ck_faeb0da678bb86c0,0.0014342013853535585
ck_0f35e930d0614613,0.997680906757902
ck_0e962eacf98a813e,0.0024484954625972532
ck_c8b2e2cb349dd0ff,0.0062355867212824075
ck_45f57fb8194cefc8,0.010680322066304952
ck_cf6aa24b92c4d33c,0.78366455757741538
ck_f3bc10e3decefce4,0.0022675658629201971
ck_c2466fc40fc9d5ed,0.99390377262354224
ck_5ef50fb07b6737d5,0.0061085703743845336
ck_8d0cd981ed3a183a,0.028119847784741317
ck_aeed557007d52e9c,0.00088816826136314873
ck_dcef7887a4f1e435,0.047852352784862766
ck_6d6ac1f5dd882aa5,0.0004441451318185628
ck_9e3fbd04e3532f32,0.238648641731601
ck_b8e5244e650aa81b,0.007088973563392143
ck_975c2aa3d4a8c51a,0.0061342456331088934
ck_4f75144c6f3b13ad,0.006961188518882902
ck_0e7899a57cd617d6,0.0010358092821388801
ck_df8ad2deb0a4ffed,0.014408904168203682
ck_cf7a022178165e56,0.0015496429388103647
ck_5bc07deb82edbad7,0.0010586881999883229
ck_f2aa1b677619ab19,0.025606760102173099
ck_cb42e3be6fe87f60,0.001608609018963731
ck_4dfa1c1e9b69fcc8,0.0082066196637610618
ck_23756522b58df5d8,0.0010907338139204326
ck_c76f1bf40f3b787b,0.00024966786120412382
ck_dc569c1167ccec0d,0.91925224070049427
ck_1ce20e4223a936b1,0.0046623962180355784
ck_6b97d1ab90f6bdeb,0.006424506242111762
ck_1e97899875bb427b,0.0032477240735586934
ck_4b00e75c2d2d0522,0.0012169552689688594
ck_e80883208e8d0453,0.0051589288768236893
ck_636111f7f030496c,0.01226045383005344
ck_a2d0417791d4132d,0.0069017670496165796
ck_7a7bb9be5a7e48ad,0.0074926136718512443
ck_5d2b9e6e087b8dfc,0.99679706975403326
ck_6957905a65c47879,0.017161762782819993
ck_a33d2325f86ab12d,0.00061817856279168493
ck_4df036e2aa7e1056,0.011212473254352436
ck_05ab5b03d0bf9ce4,0.097142950768561095
ck_bc04f51c23290bcc,0.0020488721113511733
ck_2ce8931af02a2ce3,0.0025426721585504906
ck_dfba788f35d4c372,0.0017853205725037109
ck_90eeca1cda79fd41,0.00077445249885635923
ck_f96db2a1f3448d1f,0.004455130259074817
ck_af5842fa7202ff25,0.0041510653608469459
ck_ea62ebfc1f04b49a,0.0094827661743300592
ck_75bb521de55644c7,0.0033427632998470685
ck_81a960fddf79ecf1,0.97737271842572304
ck_8da980cb2e1e2bfb,0.005336970274119673
ck_fa321945ebedb916,0.0362427501975809
ck_00dafc060c8de32a,0.0075402025283854692
ck_f81a97d350397306,0.068687109435212321
ck_255d87b7fb40caa5,0.018487926457880062
ck_d5eb179dc45394c6,0.0079547495761496025
ck_628f449e248c19b7,0.055458807751593966
ck_d9506476ad3f9e08,0.0069972211312001129
ck_e3f1d85fa5d49396,0.0041923398093389411
ck_6f3a28eecd2c4031,0.017223207509719483
ck_46d8c029d46867b2,0.0049533071975472898
ck_daf7aea023b7a8f6,0.0093189355356264377
ck_aa37993f1c17cd1e,0.02099554425619269
ck_9c3aa9f23d01fa1c,0.005305271812792685
ck_9658a6ef471053f0,0.0023544355868925617
ck_260cfe9141d249f1,0.092925812140466482
ck_8f6ce158c2902877,0.00069524499138936028
ck_430a3d03be588201,0.0041404621144026767
ck_b5f9dd00914b4db4,0.0028985242529802183
ck_1c6820fc38135ad9,0.010395512341306782
ck_1f22f04dfc08cf27,0.0020702167849863395
ck_aa0a3179f1111674,0.0027014656162020314
ck_9d4b5e6b43bad4d8,0.0065302439732180806
ck_e3b3c5a80a567418,0.0022747464311579681
ck_937f0da2306b2eb9,0.0049536778349386981
ck_cce8b6657a538fe0,0.0098715071484727166
ck_9e665618a4860306,0.0010184849095283008
ck_8cd274cc85aa35d1,0.022996262590065136
ck_b7da6640fa2f49cf,0.17306990976384004
ck_f568772b6cb3febe,0.075900476183247342
ck_e95c8cc1864bd584,0.001521470023642944
ck_66600620149c8799,0.014585642832198147
ck_81307759252571be,0.0025416974203152508
ck_378a9df82b1e0bee,0.13424146058215161
ck_9ede89e8a43c3f53,0.042275570949289298
ck_2ae6949246ea2648,0.0079904108459403472
ck_2c27b77c59d8f23b,0.09091638906279266
ck_94940d783e7988e6,0.0044431528535844268
ck_2db10f987d137582,0.029655359429452587
ck_dac3852758f4ea89,0.0015696163891427163
ck_b5a3e20fd210017d,0.0039333070265564988
ck_3f7c870510083a51,0.0099121401201986183
ck_96a89e720176b389,0.063468729208903507
ck_1aa87cb62acc0ac6,0.010014913365552481
ck_78cc5ec4940fec3b,0.0022774418797637049
ck_31742076e9a998f8,0.02956390203167486
ck_3f9e6d356d3dd3cf,0.00085443189972311904
ck_ab1b9d019921bca7,0.0048725742762227593
ck_c8791f7ebd4d93c7,0.019776227286305906
ck_47a6005fabc33551,0.0028925557815858254
ck_5a540b75c866166a,0.0091303529847910781
ck_059e4fac6b7f704e,0.0040497186548185959
ck_6c72a36b05fa0f4c,0.0057716744068614543
ck_966a167758fddfd4,0.026576229610457937
ck_9ce743dd3e92549c,0.032017803917181335
ck_08a6d4903a7fbaca,0.0047649747725727288
ck_8e5999c436cf037e,0.00089990545062765498
ck_acc764b49ef02826,0.22220545467912198
ck_7cc2e091806cfa5b,0.018114107766636141
ck_5ef935ac3d4d3332,0.0083222358242789254
ck_a84f2cdf695a71d6,0.0057918468069748973
ck_0a4d7acd2a53cbbd,0.0016870473347147209
ck_c5e4a17d3efb19a4,0.155831310035663
ck_8716cbf892c50e29,0.019624465940763784
ck_b8c7771de9b57705,0.0037087456181995777
ck_0deb56f3f6452818,0.0028646660782999326
ck_c1e5182bd99e0e35,0.63875011851257812
ck_f786cbc987b70930,0.001798696542770894
ck_ab581082e8f72e3d,0.0013303896904253412
ck_45e70c8a9686580c,0.024921091677406422
ck_6fce5a893613fd2c,0.0005521872990566205
ck_003148504557f720,0.048912779845633456
ck_fffa0622344a36ab,0.0016135511248864256
ck_d19bf4dc0627113d,0.001379839972804664
ck_a337eb38eefdcc88,0.058380456151155356
ck_d4b23804cebb045d,0.0094914763192072843
ck_7bda5b5b927b2905,0.018023550650910772
ck_f8124911450fdf31,0.90215850837347877
ck_b4d2f02d2cd45720,0.69233461179712785
ck_0f4e2ec66d50da5f,0.0022493886948252539
ck_186161ce152836f5,0.0022457029458007594
ck_e4d0a9e1102a58b5,0.0027556870305097962
ck_a115a7919ac5875a,0.024828235222715152
ck_c8efa1538b37c359,0.0061043558926451831
ck_4d9eb75e8eee90fd,0.012767840277288507
ck_9ea3d5a5a91fef9f,0.027973290209142902
ck_3c59df37895ead2d,0.0028066493249924778
ck_ea269b35406473e8,0.0049559303236513964
ck_2a5b31594206eb30,0.52884385352348129
ck_1fcc5843f39148a9,0.0024342925135839
ck_7951bd4eb99a0175,0.0015146166785215646
ck_abcbde211b6267f8,0.11499202213082863
ck_7b922518f667f76a,0.00041497205931140529
ck_0bfc394c5faa65cb,0.0056010512371434378
ck_0bd77fea8ed75a15,0.005117625156517468
ck_7c77e597c951cdad,0.0076147453863953706
ck_e72db9d4b2fc9997,0.98990647391300579
ck_ab01db9117acfe3d,0.0037467569613047428
ck_471e4018a23b4e56,0.0020572019487561889
ck_4b31a8862a857e6e,0.69750285750687036
ck_87cf36a03bd63c24,0.1290984496265955
ck_adc576690df5b33b,0.01195084199221208
ck_02dbabda93c8c13d,0.020223496949382531
ck_64f5eb4be9e7b8fa,0.25786634097776817
ck_43c1248db37a2eb0,0.0012511503917756288
ck_b08afc91d9ca55db,0.012360110414435382
ck_237508ca4fb37268,0.015436839425036901
ck_982b0bf2e2b6c4f7,0.0015403184338475919
ck_71c3a8e4c12c989f,0.0048600322073550865
ck_41938582f4351772,0.027935167825922112
ck_642344e5c652d8df,0.022337743598932824
ck_cee56be5a502fbd1,0.10690176395073017
ck_0f38d4aed68d7d24,0.062112862208067478
ck_3ed4d13f12fd9d0e,0.017343946229600615
ck_1a9e51d092d62c84,0.77789986821114721
ck_22128a4f0d033422,0.0033944777512841524
ck_c189b551bd111332,0.000579287080016934
ck_5d7801201749ffde,0.018676625638226581
ck_982c2392238b7be3,0.18647089122209171
ck_bb4c6b713eb0b978,0.037127291957675154
ck_2605fd571219e28d,0.000587635896881045
ck_bd30853e9a57b544,0.0048348445690486715
ck_a5276af466b681de,0.0018745760174212365
ck_32e486859130458f,0.98997594428780678
ck_9e35b908fca1e4d7,0.0013021798003468798
ck_c285a51ed6214f52,0.0049024300135890363
ck_67674348e68d1f25,0.0049809284164008642
ck_7878679065876b98,0.020074448724366149
ck_bd32dd3b2cbb7888,0.99863480810014138
ck_16dbafc035574654,0.00091485900041331572
ck_c1c2cb49c3c1b0f5,0.087324161912482032
ck_8f59f11b512d5b7c,0.022707437309340359
ck_c1b493527224a27a,0.0021023064310842438
ck_e89d25ed7bdeeaea,0.0058077464236216455
ck_9a84b396aada3fa8,0.019043258805720997
ck_d2fbd0df99634676,0.046709913440510543
ck_67a1aa88d2ea554a,0.007190660873790008
ck_ab2e3fc56f5b3aae,0.015577456165423388
ck_77c587d24695ea15,0.030582038710771524
ck_f0d806624ef3d359,0.00330587747482212
ck_160e9ba0a3f7c1fd,0.0022247196614605916
ck_8c0210322733c718,0.0053856697202350323
ck_ef261fc09be8eb0b,0.0029213520707893517
ck_a2624e0387974e0e,0.010294422100409763
ck_6ecf56236789fc09,0.99062551198212379
ck_3af1eb88728ed8c7,0.011446093687891592
ck_5d8773badd0d4740,0.0085321826807399914
ck_e794741742fb2619,0.0062133668963479652
ck_2f8120ca80a1592c,0.022582475630294401
ck_ccb4dd9d0a48a76e,0.0016739735468405544
ck_bfa7ba218b988cde,0.028012439971027078
ck_64b4dcbf436f0b75,0.005508567089533142
ck_41ba315d8fccb559,0.0034497435162785385
ck_d23f9a50d1135ce1,0.054357791291119818
ck_4af5ec61ddbde1a4,0.012074312364320544
ck_560bc6017870ab06,0.0027375817901170857
ck_dbdf8d0708cc6718,0.0022472782652813925
ck_e00332597cf1eb24,0.014110059694139301
ck_df6fe4ec5a233213,0.0028218454109538251
ck_94d5ce61a0c50465,0.0080071051707147518
ck_e6fecb82fc2a82de,0.0066908135545933117
ck_c4f4f28457be8a74,0.00071975986758875848
ck_c7e129058beb3ac1,0.004607900497308171
ck_4ec040b9e3785e4a,0.0016151085176654199
ck_e21f9f96f597695b,0.0038511960349010927
ck_ada6ede84c111719,0.0041838376896800953
ck_549ed417f2834cee,0.017535428298335362
ck_5068ee554ceff971,0.017593843516541776
ck_d7d50fb57fcb2d0e,0.0011118154116700491
ck_e0e9cfabb979f428,0.0043083753338607851
ck_34bd190d37eda534,0.03389808338656547
ck_99021fe7225b5a68,0.049955509251191542
ck_55933936536a4071,0.0047684298422728351
ck_517620ca16505af0,0.0024352757326946898
ck_ce927322ef8f651c,0.0069446319893767278
ck_b294aa27a0b586d7,0.0015228955818094294
ck_c9f9fddef39bc664,0.011263017140168297
ck_13757bf0eeb353e2,0.0025617726831424657
ck_d116e0e7c19b878e,0.41999202677381275
ck_a3747201f377626d,0.98749561310505207
ck_a315c9619a317609,0.014657419576717935
ck_9958b58da9e3c21c,0.0083888690711063051
ck_89184bf7b7fe41cd,0.17028815567500349
ck_16b66bd803288bc3,0.096026924879387854
ck_7b382e533e2e925a,0.0145381896285997
ck_9a56739d81f84a53,0.0021403285717790121
ck_4f0c5857da45fb28,0.044198418422095515
ck_3b49768b448b071e,0.010907121533802968
ck_54bb53b8f8ea32ae,0.99804485044054025
ck_4c7c50684827a2cf,0.0039487390676993398
ck_538dad7f096458ad,0.0071778653305215679
ck_2884bab237af16b7,0.0029123873072652612
ck_8a6ea4a79b1c7a8e,0.017524043383423123
ck_57c14e32fa4683bf,0.0010941791605347004
ck_c5b0f0d4f1655a20,0.02474153977372151
ck_aba573aa942b1d41,0.0083633354676926012
ck_15239ef0689c1a35,0.015707987678333989
ck_aa153a89a52f7eb5,0.012755371941708242
ck_fce0610c527e2b56,0.014530951287648404
ck_863db2e394dc47d1,0.99724102261809167
ck_66dd4f4b4127256d,0.00081212449967363808
ck_79205e31223df2ad,0.010535787824223262
ck_31d5e3daced93d3c,0.0042131731656082413
ck_1fca72e03143a645,0.96905123786849634
ck_a627734880aca848,0.00075495028388539945
ck_8449a28f7d475d93,0.0089240838730038786
ck_27eb86a9898cdfe3,0.0025576354928217768
ck_50087d8666191144,0.15374399651950732
ck_d28806a2179092eb,0.99708794960853997
ck_bcc8519fe8521038,0.052294153651886478
ck_53036d3c6c74446c,0.087616175599957172
ck_7d81b59d615a6649,0.0090170076713253396
ck_5e5280539257c986,0.0063362784553487933
ck_1838cf8d00f5b1e1,0.0048934222231896713
ck_50460e0189de6274,0.98759745703612023
ck_325caeab5c7a9c3a,0.0029552914043229975
ck_7ce4ca91b8f9f1c1,0.0046787064464046471
ck_f87d66946252476c,0.041152153811423106
ck_6d0d081bfa8a0022,0.011342281417320079
ck_ffc8e3c1377d0706,0.0051677541317511734
ck_38d1a22850178f33,0.0026522097575221899
ck_5c58e7f8fd55e26c,0.0014826649865149985
ck_1375ad9f10688e4a,0.0025207774648199513
ck_7ce768407fd48321,0.021875789246666152
ck_31b16b8848584e98,0.013252346360894932
ck_fd44e34af620e606,0.014452446659285242
ck_9441d48a12e8a4bf,0.55371280226198927
ck_f69e93388b3028cb,0.10088073598632938
ck_687b412e2aac7eb6,0.016770205300133893
ck_f473a03fbcdbc4b0,0.0024021277702987462
ck_28588fb03b320520,0.019780099986151167
ck_9f9555197480d1cd,0.045089734867519632
ck_2ddfc948b8eac752,0.18581725087884327
ck_d56fc799542299b8,0.00091966206260001709
ck_edde1d7d1db24725,0.012283427841736293
ck_81793387b38047cc,0.002322434522213721
ck_13648cbd306eee6d,0.0097112992836571842
ck_a5d7311291caaa54,0.0029980752813569076
ck_bd26d2bef14a8597,0.0023633358449746968
ck_8129e81cde280131,0.0047517265977033932
ck_431118050b834dcb,0.00064691762975562514
ck_580dcec33ec232b8,0.034722527330301386
ck_ecf006bbc78ee3eb,0.16184848947503946
ck_acf7d65eaaa4c31c,0.0044423387404982848
ck_8ce9c5807acbef48,0.0064616003628752867
ck_c3d7d3d12a1981a3,0.0021616111679460654
ck_9075432001a64e75,0.0058414790078758754
ck_f99738dff854e25f,0.0010978956532560708
ck_a1a93c5f375f6021,0.00067202361429301836
ck_a35d81bcc54ece2f,0.013467910869555377
ck_f3996a3c8eea1ea0,0.0052729784246165904
ck_b75b936aafac56b9,0.0052843509382250239
ck_25c355da356c730d,0.0024042659177745326
ck_5615c6bbdef05291,0.095911129421459351
ck_4db95c310e105d30,0.00092146799225748064
ck_b76510998b9a2260,0.0051147896061084245
ck_90bc176c43d85fd5,0.10981008699071361
ck_4b387765f0e916cd,0.0034257908190183225
ck_f11b1565f986f5e3,0.0083932606761916665
ck_e5018f9418e0102e,0.016894554902287421
ck_a08f8dfadbdca112,0.0043722073197615986
ck_cdb8061d8d1a6c5f,0.0043165985559142353
ck_6e8ebaea8f7bffaf,0.0002888597493609525
ck_66746d1090d6d9e9,0.0018552725038047384
ck_9cf5e88e97c8c7ea,0.007288222786042289
ck_fae7e518a585fa61,0.0086052539863620617
ck_8fc641b1750a2542,0.06293705647252798
ck_c9eeab826781dc91,0.015804591323449593
ck_95ffa1a805a1c9d1,0.0015449986543455351
ck_e839d104854945f0,0.00072307042439864169
ck_f04040a830f92bac,0.010436448416798343
ck_e8b5bfa6838e28d1,0.022482696985669605
ck_72e7b1acc19df820,0.0070666727519307325
ck_fe43da07608b1749,0.013882551865237626
ck_7e29c10d781c3b41,0.003460078323678123
ck_f56073911c9f1ab7,0.0011076912395605722
ck_68be4fefc85a6b64,0.10976508110679635
ck_f07b09879d697b82,0.002341771454459492
ck_b9c6b32f6bd92a3c,0.002204816275112841
ck_c8ad86806b9a2369,0.022450182919626974
ck_722ac47c8ac9b6c3,0.75511518081091955
ck_d812eb6930192793,0.00065729449047074388
ck_1774faf414a5d49d,0.90116356255870755
ck_7b93a622e40d8b14,0.021353242446206646
ck_39638880292782a7,0.0042450678807822041
ck_11132d245b94d045,0.0019151356424429067
ck_f736cffbdb82db34,0.00047565709701716751
ck_0e477084434da450,0.0062120385814894777
ck_ea819e337233475c,0.038725972763643611
ck_c6b6ebe145a8ffab,0.015107690989871038
ck_0af3c13ba56ce57c,0.00080928755560078891
ck_cee8d42475a0f020,0.0028813472025451727
ck_748b3ea941d8b3b9,0.0055024800072698502
ck_96c3a3517153390e,0.0085055084890345682
ck_de8af660806b97b5,0.00058125892508381356
ck_2951d76c41de2569,0.041041595549347075
ck_35fe969c58b9e70b,0.034205109077180045
ck_59684167f9c6bf4c,0.061610850933523177
ck_1645e6cc53fa99ff,0.0084436422205990038
ck_fa04ac31e596e7d6,0.0055854388274801476
ck_ace21f6daef94f6e,0.004421860454326524
ck_1cef30d08f3a598d,0.0016779357567206913
ck_cb61902798ecc4fd,0.01965799670164918
ck_9ee044b73943a90b,0.0073843432909061479
ck_f538ab6aecf2adfd,0.00041232292324635666
ck_c2608f78f6851d10,0.85733779902158058
ck_cf49b6544aff6c50,0.22295649760895628
ck_f45bad1606fa00a7,0.0039757678096496735
ck_863708a99b92ef0d,0.017271257036129615
ck_7fc9a0776e1339e3,0.0015033421805530885
ck_320df984791a1b99,0.0017296256577673302
ck_6fb2d142c09ed3ed,0.014502958757576801
ck_3e47f8c56c811700,0.0062733555572686501
ck_0add2c321d579d75,0.0086938589768672924
ck_e4c0fc52c82065d3,0.0019525658929175802
ck_ca68dec0c7df5a12,0.0027487992208350752
ck_ae3a763997f8f385,0.022731615212897724
ck_a38bd07a5fac5c9a,0.009858648951561421
ck_a73045e96af0e4fe,0.026018137552912643
ck_f29dbbfdd2786bd1,0.005510004017175287
ck_a7331e8b808c39aa,0.11818492363651081
ck_16340be3f2a7fffd,0.001314000751127215
ck_b129261da9c3c3c9,0.001980203867913268
ck_07840bba5570785b,0.0301672540498116
ck_abb056a9deab275a,0.019783693316510684
ck_126531a9126c17c4,0.0038711971684541307
ck_333a43ec339a04cb,0.019768143771600744
ck_34a6bd3be642f15c,0.005222093858370842
ck_9c46711b14d9eebc,0.0025700067648893408
ck_3acccc69f8b1fd14,0.011750954367035443
ck_74665e1209140ae8,0.025139148163929266
ck_670dc4910cf476c2,0.00058239248952008348
ck_7e2d6b22a0ae20c2,0.014889269813977693
ck_723323f6870fab59,0.011466768041097468
ck_c8affb27ba7fb5db,0.028978672661474979
ck_e5f8c8a5824db594,0.0069470577802713939
ck_7e5f02b51b9f78bf,0.023379607297608157
ck_b7e25ddd41514d4c,0.0008570978672045326
ck_0e0919292ad33472,0.93033604896033462
ck_e35a4b4a3cb4cedf,0.023959775197559315
ck_65be698386474170,0.0048007552201788355
ck_0cf220816e320ac5,0.0087040665665437753
ck_0308e0602b856445,0.0011804494267594386
ck_5e1b81848718bdc3,0.0092863365022850704
ck_2085433978e72ea9,0.030018124145357417
ck_b5e4c6dbbed1b773,0.012327752968073542
ck_eb9f0c06ee017ee5,0.0051860767496218164
ck_30dac0a58c5590cb,0.050505225811508889
ck_05e01ab9c95449da,0.013455131804902912
ck_f409ff994a210601,0.039907322029552182
ck_05652e8ace6ce6cb,0.001296872328193733
ck_f4ec4a935e51b4db,0.0064888615021330672
ck_df5aedb4118020bf,0.41921581127245078
ck_1dcaa3078dbb7571,0.0005646549438870738
ck_47e1032f490bb018,0.0034524201173535018
ck_5ea89567dfe78e4b,0.0084675218348350314
ck_1225a97fc413a419,0.044622795132011339
ck_2296d7a563424883,0.0042210517270022735
ck_57c07c45269ca8c0,0.0018924342144801551
ck_7df3f8f4f1068d62,0.002575345830810902
ck_558ebde8c29132a4,0.0066912573179674561
ck_2d923d957ffd4d53,0.010833596315861506
ck_6ddb55b1f23c6cb1,0.013762474381723365
ck_93470896f0804b6b,0.8142017893771708
ck_556c62e92d4e7e5b,0.048529764244209517
ck_a059d00cee5cee99,0.0011442920370151315
ck_0174d76398d9dc0f,0.012196223718282613
ck_49e253ea12f4e922,0.031916328570803419
ck_f7276091bf513d22,0.0005055433038073043
ck_d321249fb065d2fa,0.021105473200305008
ck_e0403d507519b7d2,0.0057631477105061762
ck_0f3de7f074bb33af,0.0049910854836032028
ck_bec8324a3587ef04,0.0012116816345138762
ck_a3c25d6cc7478068,0.0097743076707031938
ck_2ab7eddee2d8c49e,0.0016583483943324701
ck_e475a3b8ba870a7e,0.0027718878030967395
ck_9b2b0e286de78a1b,0.0091809328339918783
ck_5cf67a3a747e684d,0.049543619008942143
ck_9401f9e11f65337d,0.012945797839772665
ck_a0e5656e1cf9cbf5,0.0017354804653300475
ck_398a1ed77b0130e5,0.017717348337652948
ck_4f5d022c99f118b7,0.014457522694217521
ck_630530e50764f229,0.0056379638358937459
ck_5cacad76e02c8e3d,0.97510652800504294
ck_2cee2dd7bbfc09a0,0.94490225176048215
ck_9478dfe4114c30f6,0.0053911308276326144
ck_2a09c7aa870edb6b,0.0012996038515126242
ck_d5d225ce41a1a762,0.0075990328276958697
ck_76091f357974a152,0.0041267125905301572
ck_26cfd7c3c6c7bf69,0.0044182952064266553
ck_8e54386f4fe22cad,0.012181606685127747
ck_22b52654776a1ea8,0.90680151700807821
ck_822d6e8e43befc72,0.45100587605154607
ck_15eed0f5652f0352,0.0021421118005487813
ck_6bc351a3d57aac54,0.019300689620646232
ck_bc736114a31088a7,0.0099624390926757091
ck_002cf760d173f0f8,0.01355660732704001
ck_8f8e4fb9c6190272,0.0048463921117157709
ck_a39d0bca345b492d,0.0021928110485276036
ck_216e87a41de22b5d,0.035381518005661063
ck_75296704f5806f56,0.025787476767993287
ck_2bdd8616870e5e1c,0.00094040126158946276
ck_798157bcdb9453e1,0.00076859731799342292
ck_9a1e3ec9a1839939,0.0036681006863647013
ck_a9d994554fc14a02,0.0005319336880344899
ck_410c3e13b48e0415,0.001534978832161298
ck_d4febf0083800424,0.11089499012617611
ck_9527adac182abe57,0.22014420905670357
ck_4087065be2a45ad7,0.086024431594218007
ck_c0e8560ccfd9dd9d,0.0024478783452070848
ck_8d87658a6f5d204c,0.41344918520475848
ck_d973444855403e2a,0.0075851764529023995
ck_64eefec062592c43,0.0034113247867878951
ck_5b86fd14e85bc9c7,0.29655483957363882
ck_ba175b1bd8efaabf,0.0027480220894207843
ck_7696e38b3e4197b0,0.0017630491241567767
ck_51bbbf8f8e8ad005,0.99970447169470422
ck_df935d8bdd44883e,0.0066557624958583986
ck_a0714f98001efa0c,0.023819304108285366
ck_8c9b57ad2a991416,0.014452796223128001
ck_c8c1bf16d9113493,0.066600179951436259
ck_b89cb90a420c9075,0.0064783520457956777
ck_f0424b3b36bdbef0,0.039631077610702753
ck_8e89ca8b39f3f8ad,0.0040216585996672898
ck_9c5feef7647b0588,0.0015970056871567647
ck_374865697f1480eb,0.028657723860321879
ck_0229a07185f15469,0.0039685844057093279
ck_4291fd9c1161d8e1,0.015218831180433356
ck_61a59a7944d6c53e,0.86765005236357262
ck_f21efd504faa654c,0.0023643516432846042
ck_64c1633297f43788,0.0025922746011920908
ck_991c4c924a1d85ff,0.84038300652500664
ck_2dd39723c4088b64,0.0041791639751898105
ck_65f76421be648549,0.0049501014748898576
ck_1b93381d8eea58d1,0.007903394431812592
ck_8572c5f5c1447c62,0.015275121136160863
ck_80b8fca67a14e0be,0.54418307825539913
ck_45ed5ee496ef8a67,0.0054511899230763111
ck_36979996f33498f7,0.95473257210533913
ck_219bef979ee21bdf,0.00062695187465466331
ck_7a6cb27e390b6ceb,0.0081413400568931208
ck_d07485ba10514a2d,0.13092012227476019
ck_81e21354e477eceb,0.018190670638251128
ck_df39e3b8a9fd0bfd,0.73366109678967351
ck_49839e761d0e74e9,0.002265803311424799
ck_9d7b9e3ff1f3e71e,0.0032753215696343886
ck_f63cb5e8cc702bad,0.0054327700100579943
ck_cb856e75c949b0cc,0.00030481861246427764
ck_0fd9312411b0ac55,0.014641957395872337
ck_9affb0f26776b642,0.00096714940574393221
ck_c417d06f3e94685d,0.0035555767036140108
ck_6c2453229d608183,0.020116681947017101
ck_1867b1199c864db5,0.02842846055039824
ck_8398adeaf41f9cae,0.0085841265916836561
ck_796d3eaabc667c23,0.99276555388048393
ck_b4d55bc809000276,0.0087971795114880867
ck_839bf139296b5cea,0.03625579135201492
ck_e57b94fe57341058,0.011984111088886992
ck_8ca808cc5a49cb5c,0.013541632512883582
ck_f4ec334be5266378,0.0023348455192616769
ck_61c3e3e277629646,0.0057502894164629644
ck_483fb981a1fb4317,0.0026671929152081459
ck_71f382d5e338daa3,0.0088468326662845907
ck_124a197be41687f5,0.017116529742081655
ck_4e4f99102f6938cf,0.00091094974840950308
ck_3add4d23124c9290,0.0025731479528929811
ck_5c3f13de0dbd5086,0.015548730869197265
ck_921ff5ceaf40a968,0.020320330006506838
ck_fb0c138c003e933a,0.0011045011784794451
ck_5177fc7137ff26ce,0.00079411136680505661
ck_dfd4e79aaa967b63,0.0038854293005329212
ck_850ec97a5a0dab9a,0.056008167521594793
ck_d1a1cf4cf61d6801,0.011950668372613401
ck_646b15f753e5e9c6,0.032688005926952375
ck_60f4fb44f5efe3a0,0.00079781855844235567
ck_b53084ffede19a8e,0.00092456110099337389
ck_5b16d67c5ea89930,0.011785212024195664
ck_a4ddac49657a4450,0.0061005944444696217
ck_f917c82af80e4a79,0.036115308953830735
ck_b87ef4b98cfcec4c,0.012480783429157687
ck_877c85bad118bc62,0.012190769021174228
ck_42317c3eabd0a285,0.85744022737790171
ck_a5bdd026fa9c50fd,0.0031967701512979067
ck_7c88d3d377bb61bb,0.010371921230463826
ck_9acd98f4fe2d474e,0.025338747538865773
ck_6d64193681d2a94f,0.040089927509900862
ck_991b7dfd69098320,0.0017407852161219928
ck_c5ece5ffb8800ad4,0.001839146217146991
ck_ffe91d6f0bd93fc6,0.033773811229623182
ck_14f9535e53f9c7a6,0.0095852419966387329
ck_e35b2ed08b9e55a7,0.0065421737670841142
ck_3ad6e7bf452c9b21,0.0036435714681326689
ck_ad8cbe6e27e47ede,0.0095524173465904843
ck_29fbabf855cabdff,0.0036417298611873552
ck_700cb620f300dd47,0.002268933218860019
ck_b1cbd6679c0f8d95,0.0038762728462075199
ck_708fea345f68037e,0.0014092154115167544
ck_b08247c3ad567d92,0.63054158105527913
ck_25fea39897f2a559,0.0027022412005073327
ck_9eb80edfa43203de,0.0035019214052062261
ck_6cbb011e0c70bc7c,0.0025896199513346691
ck_309a432c160a17b3,0.0061590828923941202
ck_e949a0f4df0b3902,0.14156926481017468
ck_4b123d6931b6d0d7,0.60550279092673465
ck_13677a1957078827,0.0016925789563204806
ck_243bd5ca8c4ae5d0,0.0084936625874644199
ck_360237c1bd30f4bd,0.0080366256738186054
ck_b17c239f160e6017,0.0046441148880728656
ck_c91a628236baf91b,0.045454607840287486
ck_182dc4a2f5a366da,0.00083335216959328168
ck_9fba80f56f357fe1,0.004695614607171837
ck_c1c5ea839c58958a,0.011458722494618906
ck_6a0684436a1e66c3,0.12773411085145195
ck_63d2978706e193d2,0.0108579951800893
ck_8703543bf3134306,0.0074933386154143562
ck_d79bdf04d6f31cd5,0.0024076282854653933
ck_b0d33b5a3716661d,0.0088168295122612282
ck_bce253d2396681a1,0.0054054374754318422
ck_9be551300209fa83,0.0086159158532728673
ck_ec3d12848ced99f2,0.010670921682816477
ck_ad305286702b1958,0.00069572098925860248
ck_96c7d52ba0a766ef,0.014024865839244553
ck_e1d5ad20c737c745,0.041465398753817079
ck_7429b3f87528e335,0.0046231875594220104
ck_cf606fd6ebfdf9bc,0.0019461233294157895
ck_878522cb775b904c,0.017494447229567136
ck_218b7e6e6dbd2da0,0.00098257996064546023
ck_1dc23dc870f1773d,0.0026102736887791095
ck_fac046ce336fe39d,0.0060761988432070542
ck_0d846660c7957a88,0.0026410927717849513
ck_6821459b626d492c,0.0010134642643345665
ck_dc4db8b932df49de,0.087134502483428383
ck_c49832eabdac5bb7,0.00090348213642739309
ck_c3e37a4d3382c32e,0.0007542338355701622
ck_68b8b859a6ef505b,0.014139692118872426
ck_8d501a0386c66be8,0.045001255368993097
ck_86b853c52f20fef5,0.0015000048534426537
ck_15886fe84866de92,0.020818705696114312
ck_92de019e05971ce3,0.0037098496798917266
ck_af7ffd1a822460d3,0.31218309252659526
ck_917d82c552f95a23,0.044754680292727077
ck_74e5dec189761d14,0.0013996081471845125
ck_54b374ade34e1dc1,0.0024461900308282241
ck_beb97e498e6cf8e8,0.018231294874796793
ck_a96aaef34173aee6,0.076714199020503915
ck_79ffcfee599d77c7,0.010976527181291405
ck_322ffda3332d08a2,0.029312560698839731
ck_3b1d7648d4580bef,0.0025103205728756171
ck_6e4b99fb9725d9fa,0.0073116170409642123
ck_893b8afbe11301e1,0.0051720359871224785
ck_56b992c6f136fa5e,0.0048475186288735247
ck_c624b9063400fa3a,0.045494007511982029
ck_bed3e3db135b782e,0.019154209734920304
ck_5d038ecb3c8748a3,0.0046140858302649284
ck_77fced07f6dff42b,0.0097977361642106863
ck_05d81b1a150f31c5,0.0011842203698811911
ck_285719c77eadf915,0.00049996152120896492
ck_664b5e02759f985a,0.0012541911003896521
ck_eb48c0bcd12ea654,0.0080246207037326517
ck_1bcff399166d7c43,0.002585165130247178
ck_e9e3381d5e0e5051,0.0020888872627527395
ck_f5f87f772388efa0,0.010664958926647988
ck_80b072b7f3c7e8e5,0.0088602560546747512
ck_386680372fb54857,0.0016221496097171388
ck_d98934f9fe0b02b3,0.001089849460601562
ck_283c5bea94b21e80,0.0038735842770373724
ck_8dbaaa00ad829ca9,0.010797482172937471
ck_9782c86ba6485f88,0.0014405941266308429
ck_83a69c4a5d55ef19,0.01702047897017387
ck_4fa85cebf707de2c,0.00060545304129530728
ck_ce1500a7f0d03fba,0.0013410578539136422
ck_73d60b4630e3937a,0.0015644488359559683
ck_279d43303708109b,0.0050744295414190746
ck_64ff60c073fdb6db,0.018608928001140324
ck_d5c14e877ca7b755,0.0020029816066544264
ck_7e5401c362b2216a,0.00095888792931982981
ck_064b2aa3f0bfdb6e,0.011297013457532925
ck_70066eea13b4c34f,0.002903518731989148
ck_f0d349d68249d5db,0.0011103121307768297
ck_86bfe328e0a533b9,0.98839488601501668
ck_18f67c00ba21fbde,0.002858854981206005
ck_72fdfc7e6d8e1436,0.00098375022329775402
ck_75257ca7d7da2861,0.016646996085392215
ck_a0c3059a959ba5d1,0.015015629109817638
ck_52f641c9ee6fda70,0.0034090556042716646
ck_7c6b577174af7a78,0.0023835959608746022
ck_52174855b243a8b0,0.012794697221033043
ck_c12805fa5d970a83,0.047032399555278451
ck_0406931800e0e2e6,0.005493716915141506
ck_4b97d19ed946f503,0.0048146751303383955
ck_87dc484baaf5a23a,0.00058240658114254895
ck_539cb0d117db8cd3,0.089255104353898648
ck_09f8f51bfd2492c6,0.0049537473691059659
ck_05c4dcbb45de1f8d,0.0026034190043798234
ck_37139b41c5370523,0.066822985676954355
ck_ec094eb1cbb3efc5,0.00173034136454566
ck_db32c95ce2b6f502,0.94574857320233874
ck_7a02ee1bfba7353b,0.007947469999878708
ck_571dee4f3336c7ce,0.0086435275997900213
ck_c3c69aefe7ea1d2f,0.005029371960013798
ck_de05f97c3d40dd1b,0.021182608044489369
ck_823539d936c55fc6,0.00063134325057832776
ck_97e94708bcf43563,0.0020961222164301097
ck_71c68dfd011dbbbe,0.59526215072542188
ck_f5791fd8fd8fd191,0.0048224633935013616
ck_ec986285fff05b7d,0.0011296737094297318
ck_da3526ab6c5c884a,0.0082020071984358674
ck_f9197b070416f443,0.0052133048246447199
ck_4fc6256e0e60a926,0.015766830105227732
ck_9c0deab8a8367c5e,0.00088660761206459365
ck_f34fb7ccf82f41e5,0.0030270586324201744
ck_777669e2243204f2,0.74955797694741322
ck_d3a2a4c011fa2554,0.0027963668029111375
ck_ac84b33304362c06,0.008498211061270541
ck_16af4be191c47d3d,0.00060686588188986511
ck_0446920a1004c596,0.00068274534542150987
ck_0c6a50d747593b7b,0.0049800440769765583
ck_193d9c87ad3f1dad,0.00059159971989740997
ck_5b8315726f6204e0,0.0072627222350645842
ck_f7e53af3c91fec64,0.0069486296266062127
ck_e679fbf4f4f4aa07,0.0032570918816617407
ck_59a14d2564193101,0.0027985272632863626
ck_0e9ec486bff403c5,0.011841918385659428
ck_f6b7a10d47dd9a1f,0.0052207827068457106
ck_4b4d99e443618904,0.0067486910818036257
ck_4f05daf1cf0d5755,0.0017935564735690698
ck_64ac5e6fed86ab60,0.98399051788096392
ck_01ac687ce0d696a7,0.029263585399423257
ck_5f9a7ff990341bdd,0.001259532903510629
ck_010d0c2e6c1657fd,0.010808516303477903
ck_4b2e87d86a5e415c,0.0089386428203126304
ck_66f9f78d4c6a3edb,0.011186052066720804
ck_0b1d84252c0b46c2,0.0024967871203783912
ck_68b5542459638b56,0.016682132961007155
ck_62967b91504149f9,0.0037899246827682539
ck_f99bc1732ce5e999,0.019849342907013321
ck_c2017120b3b88a46,0.10974947882224712
ck_f7ff94c3df5ac874,0.0061711940809888247
ck_25382331551d22a5,0.016894547675505675
ck_703b41624ae6a5b6,0.0015755410993570406
ck_e2c66c72cc0b0f78,0.032508500210041216
ck_28ac4c5134cb8e77,0.014639225874034184
ck_168c96a1a636ea15,0.0028182503696967589
ck_39a81899dded61e4,0.0029555500704389172
ck_94a096c36162a153,0.0093407192870931348
ck_ee535461b5f05539,0.90291002338615023
ck_59c29d9c57b4f994,0.017420216672636674
ck_8982888dd6611143,0.00065232849131301391
ck_60896cdac2212bea,0.12404585876293457
ck_aa188e5c25f7f42a,0.0071360066618379086
ck_1f56fe99f250cdf4,0.015381395956202706
ck_d0dc156441fcfdcb,0.025024356558315915
ck_395f3bd4aacd7ca6,0.015648269858709339
ck_5576b725de38d106,0.0058222929308282094
ck_e2d1f212f259539b,0.0051929398613436125
ck_3c3a1a1365741bba,0.002139020988953755
ck_4f325dd15c9bd45c,0.050205908857624083
ck_66f0945add423e9e,0.0010350524389422936
ck_a74f6a3030f5d495,0.016471735492500063
ck_d9ea77f4114a389c,0.0018918087503245844
ck_bf15a1f8d67a30d3,0.0087238248448396009
ck_bb643194d1cbc47c,0.99812977471633302
ck_80e5ea27848069fe,0.0018937389610758255
ck_635646a661f05b4a,0.015899776181182219
ck_bd80546b4807dd59,0.021004026591757957
ck_63743141ffa11f45,0.0042666607211787298
ck_0b8b7c5c581fd161,0.00062101479824096587
ck_79d62ef181bd0cd8,0.0022859661370845988
ck_562c76a3753fc7da,0.35509772656730176
ck_d66bb1f063357f99,0.0040429966191340497
ck_89d7bfc81c3df597,0.0036614060430952564
ck_fb0cf32c4a56f740,0.0076082365656778578
ck_6c679602a6476ab2,0.0026245705458967836
ck_71b37fe47490b4ba,0.0017422605990381069
ck_494ec63c5ce8e150,0.0060799654455319331
ck_92e474e4368c4791,0.018275825079154314
ck_2d3d6c9364362017,0.00064221806737292132
ck_354379de065a8ff8,0.011807856935917719
ck_f7bde7265053364d,0.018927113085176084
ck_820219bb9c761b52,0.056531888923991323
ck_a5ce2ae36fb410d9,0.00051209764048542889
ck_ac55dc6cbcdf8228,0.032277080035475393
ck_f34c93a8173555b1,0.007866739309780095
ck_fb3b68b4424b5f92,0.01423898929087327
ck_d3f44bbe2f7e9b2d,0.0090527598175766718
ck_dd9c5f0c42878e67,0.0014675911023108344
ck_41bc3efa0fca700e,0.0099732351480612512
ck_4d1baef193cfb900,0.02815430585680272
ck_aecdc5a96321a2d8,0.0064828136354887766
ck_e7c8a9e4641eb9ed,0.00033358491896235093
ck_f2350bf355dc919e,0.0096747625286726299
ck_bc61c59970f8de49,0.011281698737132884
ck_389607982eb6b701,0.81686431963649009
ck_ace6b72e5bf3e93b,0.19974423617629244
ck_2afdd69094c955c5,0.012653289263646702
ck_fc9f16df35190eb4,0.13026322555328515
ck_c43b4175fc9ac5bd,0.83164810342092776
ck_1a4e5ace078dd782,0.0064331341571128749
ck_232325ef6bce92f1,0.0033356818763683616
ck_51c50c4c443df31a,0.58815691531509895
ck_126a82e8d42e5ce6,0.00065252322927680209
ck_caa348f0e65db062,0.96963281594749684
ck_a6f61864fac3c8fb,0.0058086015767000749
ck_694eb6c43193afd4,0.012316170788808969
ck_d7792b429620fc24,0.0095979036630629549
ck_2208392a9f6bd249,0.014103983194405154
ck_8ff7a9b23a55fd62,0.0044504439873631427
ck_8c5b29f6666d4874,0.024821239257928476
ck_fcf5b8216d0c18ef,0.0013366469092225804
ck_393287947b5c8d79,0.0083900391687687075
ck_3e6833574edf1736,0.0032498090595250418
ck_8b772caed8f1541c,0.0016080121266573719
ck_e914974cee1bccb1,0.025937066466207852
ck_4f1e962ff8a29732,0.0015844837118406012
ck_f6923088c17a04e2,0.022055284029113248
ck_10f90d879209734f,0.0021439090946718201
ck_3d6c3c00d854f5a4,0.040579837237111595
ck_6e8f8ef7a03cc6bf,0.017304424580399845
ck_833688de8629c5c0,0.0012399595235566758
ck_20578ac693ea4e93,0.0051809268660998253
ck_43aa136bdb0a2832,0.86628533141216546
ck_09cd5c4df1e81ac2,0.48423292712442895
ck_8f4b384955bf57c9,0.0021469883709613136
ck_94b90ab8b2dfb50f,0.027295945244206136
ck_ea618f720ff0b4b0,0.0012088234441897717
ck_6c83aa1d100a7cd8,0.025349551721456965
ck_e7be077aa0b2632c,0.0040953856209884161
ck_e10ff5c38bd18470,0.021142859562388695
ck_0593ae243a9ebee9,0.0094866821347827906
ck_b20b81b88dabe28d,0.0016353182259326402
ck_2bb6a17e8eee35cc,0.021919342734962793
ck_8def763034187436,0.017404183550730163
ck_c1aebbeca6ab5ff9,0.0038684170845805347
ck_ef307a6aee38d1fe,0.81895507961453473
ck_49dddb894d33f6db,0.027632093172745578
ck_0daec63bd5b0729d,0.0064428831666475273
ck_c49b685d2b3ab89a,0.0020943799178224933
ck_732d45bd578dc39d,0.0048451188294200611
ck_74c3c3452e4e7cce,0.0010921521889518579
ck_5986119e7d81e831,0.0074707298023627636
ck_98d2f9a6ba3a3077,0.92390077634327239
ck_586001d3ed9e7fbc,0.0016982075327356275
ck_03be334935e999a2,0.0024749695057876106
ck_9a43c0c73a39d759,0.04166574678469491
ck_a1c7cf63467df4c2,0.0023749355910354939
ck_ad48826c1c26eb78,0.97549728389915058
ck_985c9ca112000e9a,0.051721387754842717
ck_aa06ed358e43db69,0.076411109743156957
ck_d21612d48bb4f7b8,0.011649234953144268
ck_9a9e3dac79280d7f,0.041151254753600076
ck_8250eddc1ecb07a0,0.041629507382750945
ck_d6f27eacbad310f4,0.001608670365357195
ck_27d69ff4e0cb428c,0.042454294434017568
ck_5e5461dac83531ac,0.0097154100936879453
ck_d1bb8890081e0a31,0.0042000110582320581
ck_cef2a485a77e0723,0.0021404318155937982
ck_3e24b026bc66789b,0.000383429400962685
ck_8105bcf69a75ee47,0.0043190374953793421
ck_6494f0ef13ce44d9,0.0068772114881639279
ck_a4a7ef3ad799c380,0.0062657283492602422
ck_a48ec0c00ae20e82,0.013379441667996466
ck_4717f24f2c6f40e1,0.022548659046379396
ck_54748ae0f2daaf10,0.020655739981197171
ck_ebd0a45712dcf07a,0.0056216622133637793
ck_998475a2e4dfad4e,0.0022345242513842054
ck_99c0a41ac9c73857,0.0014794174135083747
ck_ca24bb0de508efb0,0.010748771106387316
ck_f2b8995fe5402759,0.0016547080826809053
ck_d37d56e931105db0,0.004102099296535178
ck_e66ae4fd586fedea,0.0010188921110419905
ck_c1e7d1021ae58f00,0.00068812218578647583
ck_687ab5d5554bfa79,0.0069177396994380691
ck_8f8e5e2b9dfec3d1,0.0083196567342055383
ck_537cc97d0398c922,0.046661580242178549
ck_56b389627d8f02c5,0.98534385392333523
ck_48a6754977a44db0,0.0039293072921262563
ck_074f20921189e7d6,0.002023532774030448
ck_f22aacaf86a65d7e,0.022150803757920754
ck_828eef2334e17b3a,0.0050741955985823105
ck_dd8edfefa1eba531,0.00088672464976812101
ck_66cd34bc568d95e0,0.01304562916116494
ck_c95c786d2f8b8edc,0.003128286293792349
ck_bce5b7fecfb6264d,0.070777638737868201
ck_d32fbbfe32c00416,0.010315733353478178
ck_bab5759b07fe2bea,0.0035362207192229786
ck_c55afc68421d85e2,0.0024650422038477613
ck_dca0b6ca93311ca2,0.019553896764811968
ck_e0571312f395cd94,0.0065150007215597936
ck_fd038a7d33a9d6e5,0.0010398234378826191
ck_ce66831f6611014c,0.0031463430053039225
ck_09fab6b9825001b2,0.0020750396536605904
ck_80b50fad7f255e1d,0.0028723050194205432
ck_2a97db9377d01e36,0.0055014148723074802
ck_9e5b7acf51b1b743,0.0053853513809864854
ck_5468fa99c945d785,0.014754978082767437
ck_556786868599143b,0.0027704326379232708
ck_a6d4f998dadc90c2,0.95058641896295215
ck_4d2159603045109e,0.004024919575959086
ck_a9ca2f447b984a6a,0.0027062001052279186
ck_cd553ba6589d8bfd,0.0089297715360211298
ck_830b2c5d1818ac07,0.010857378400049416
ck_80eb91b0b4001084,0.018741416136572125
ck_730226c2d216cacc,0.0055527638022571943
ck_f07e27d125497b66,0.0073114002012302495
ck_b68199ecccf2350c,0.00057027066705833413
ck_15dd3ecaa8ce0245,0.8332894440409816
ck_6dac66c8198c07d8,0.0038588513137213132
ck_6b817117d87063a8,0.0054484501236623838
ck_589109a188adc2c1,0.0035404630406018164
ck_bb76609b79e0bc9f,0.0030368101263155297
ck_f0cbd5383bb07778,0.04509936001294805
ck_02b9f418524f6650,0.016359870527828051
ck_4e9a6f06ab134102,0.035149214623511629
ck_7334a9ec656263b2,0.0021776981044511652
ck_f80af368cfc6cb7e,0.012131722260533313
ck_d74b2ead8aaa3f73,0.0061303053517439603
ck_1dd69a11daa7bf1a,0.020817821227439054
ck_7509eb97c1948b16,0.006517035590969048
ck_a406bf11e48cf8c5,0.032539812595138787
ck_d1e3de178601d3c2,0.030963977494766232
ck_71044c29ef071570,0.0029858111116055309
ck_a1c88c0568f142d0,0.024710747191246933
ck_dfc6f5712d8d6678,0.42616725447650683
ck_9c56114f84e9a541,0.0055410157616561
ck_d7c28eaa05bb7144,0.0030793173851685835
ck_3a30132a57181fe3,0.015683712609938717
ck_48d0fc4f6a2109fa,0.99674958135756464
ck_c0389ebeb0e65cb8,0.0082114186747536816
ck_b4c014d5c0cc9eb2,0.003351578018569056
ck_a4258806a533efa9,0.012919591838233968
ck_363751deae40edfb,0.12180178314475884
ck_c1295d97cdf35ec2,0.0031225079383447683
ck_648c03f9aa4e45f1,0.0077834683653849523
ck_65ed7e72f24731e7,0.0025453060569023355
ck_633e6579f5c74a5c,0.9557601034762675
ck_45cd5ef6b359e9b4,0.0035253634703573378
ck_2e679af24adedac8,0.0020321925611563097
ck_9e962f9bb0e7bac2,0.0045616089265785292
ck_bef3193f124fca5c,0.15288594448041842
ck_a907fa8795cd4baf,0.00095876462599129772
ck_f280d31f54a4710a,0.031175586772087829
ck_8c582eb0f6c0148c,0.0021207116970056485
ck_4807726e797fb893,0.012988322099668088
ck_b3263e7f31aab45f,0.015292271398835587
ck_3fb9813849e51837,0.0084612258702863753
ck_eefcf0ed15897898,0.0086590626680850824
ck_bc996c523944644b,0.010009889353199979
ck_74b848064f2ff45d,0.0027878772697954553
ck_5f9e34c849704b95,0.0020336454833054076
ck_fc7a9d0643570053,0.00095539380558429558
ck_f437a53fc832ec95,0.91364426596932946
ck_56e6cfa32156a916,0.0013264328330744926
ck_2e1b46c5fc56b863,0.038081102796951843
ck_1af2c0b3b8d202c1,0.0025810474310836019
ck_27b07021500ee841,0.010262447170743441
ck_148cb0c723284dc0,0.0045179824252151697
ck_70b9274473bd6dfe,0.00093446360038597169
ck_fca7cc9c42695453,0.0012723503514362414
ck_8d9518f64b222416,0.0093240521605293478
ck_f1e1c8491f16f912,0.0028895411724554629
ck_d36733da917115a6,0.026579217128572051
ck_a4691b57f837d88e,0.0098593079277280865
ck_e738e920bbd74a7d,0.020244094507512196
ck_6d26a152f900fee8,0.0027757746806097113
ck_630c835243c66b19,0.99400510612295967
ck_e88e86b19cada4aa,0.0094356918839503551
ck_15918075563eb074,0.0013830070978053186
ck_9439bff87e616d4a,0.012190035673620401
ck_993beb188dd4abb6,0.011520275961155778
ck_dff090f03ca5529e,0.0016792361599659272
ck_3baae40454c00938,0.0067810644857352383
ck_6ab83f45bf16eaa6,0.0015691131539796684
ck_77fa39d3b733c226,0.051406485382391079
ck_daefe1e2d2bc362d,0.0034489958519286416
ck_f01e94331067edf6,0.0039877420900921176
ck_773efe58c6278c3c,0.0073522503178659136
ck_f7a7f8f5903617c5,0.015159849272665681
ck_fe037765aa465c58,0.0020673584501179746
ck_29f3a1737a2d9634,0.0096623500036972561
ck_7825494e654d5695,0.005607090706722725
ck_325c7643cce02da3,0.089700531106285356
ck_01e0689157fe9617,0.049765490976631646
ck_7bbe1dc8add17ef0,0.0070661269447921619
ck_e0ca2c819658f6b6,0.95975395878135339
ck_2d14bcd2e0fc043d,0.0025008262102447221
ck_fac32d76ed40f683,0.0078278788960312456
ck_50df50af592b0c06,0.0036689581874198123
ck_23981a3261674131,0.005588435160836621
ck_3a4811dc4a1a891d,0.0023948839359256673
ck_4874bdec79f9106c,0.020015073183493538
ck_fd84507228467b40,0.27775860731231106
ck_6a17384072f904c0,0.010196417787356127
ck_74991a9e85c3b07d,0.0035755517471326567
ck_520ec32c4f253604,0.053093907117489306
ck_ed01be7504dc4187,0.0073593161618494283
ck_c6fdb2972417c9bd,0.011685689280871374
ck_74a06f347b32347f,0.0073630010772345305
ck_1e7de58822000dea,0.0012112744879205469
ck_cbe716f351d660d4,0.0080127007304439078
ck_7560f1891d66f294,0.00043925517692264298
ck_45f4c821c70d134f,0.41877970207838999
ck_b1ff9edc51d42f97,0.0023615561405391995
ck_114141d85256c9ff,0.00037683269085486709
ck_d0e95b90ba86da10,0.003877774419087307
ck_252b0a0f1119b220,0.00062435185621555504
ck_28dc0fdbaec00580,0.16240362253476465
ck_650020c500b1b50d,0.012177648337242586
ck_e77529651c416cf7,0.0085380498057161455
ck_f0982bbdbd122f91,0.0058009269596376988
ck_f439f16f8693883f,0.012915733620266824
ck_e30cb64302939f38,0.062037366005799351
ck_873ceb8004d3a9f7,0.02744928683163194
ck_db6d1c6d31da967a,0.0034892690047778887
ck_8e7a32f7e3905f4e,0.0097888982102348563
ck_2c91f62c05685ed7,0.0021702896010050488
ck_7f79878197340435,0.002987975062331053
ck_23ff85f9d2355e8d,0.0062353688933441649
ck_b138fc249e659e60,0.0055074918588032609
ck_b911a09f328dfd4b,0.0025101089222681503
ck_a2858979dd5645ef,0.0026403020288730057
ck_f1f2c3c623553f0d,0.0004000545359308791
ck_30f4b2ee8abe1342,0.014606776340683249
ck_6e8751b571ea54d1,0.0091345394707268036
ck_e901dec0e09eccbb,0.0016291404346217239
ck_10495d3a635b8d69,0.036176015707456197
ck_4f5d7985bcc2eda4,0.001831722775975595
ck_7df526b2b4410bb4,0.048492914230373524
ck_4e1757d1347ab387,0.99737327945217036
ck_79b8523137bb2603,0.026638869413520325
ck_891530b489ce402b,0.0034292951741819819
ck_41b954c7a948c060,0.002109478685249546
ck_59a561f3df01441a,0.008507377106165474
ck_96e4d38ef670eaff,0.0038952612104614036
ck_eef67f8dea702338,0.0065288669279390758
ck_73e24f5a8da289b3,0.036634159876347341
ck_52cc2fd5095b169d,0.0075881620218009021
ck_dbb498b1a346a402,0.0014204030761345088
ck_f253130dc3ca5b3c,0.0073289896952466408
ck_942dbf632591b65d,0.013316502869287533
ck_ab4a8d02ec3c0fd7,0.00036801517400124019
ck_7f780f465c29398e,0.0055006560645350549
ck_adf84b9df54c3d80,0.015221657166226263
ck_1b1df006b81d38ba,0.011729497817798673
ck_3be72c9c178fa00d,0.013886609904733388
ck_ee387f9da79e67ea,0.048190610420597857
ck_731869a0c39cb2fe,0.0048379834973341822
ck_f2b0e7a47f442557,0.98351499138391141
ck_4bc42878fa180991,0.013088080748503813
ck_5f3609511443e5a8,0.0022468896951362252
ck_b354003302b272ca,0.0037554816662896027
ck_1c771a7c78f6622c,0.019484795559075115
ck_466dc6274fecd708,0.003258835063653607
ck_89c74feeaffa7d09,0.0014989828165137681
ck_1ccdc69d0bb712b4,0.0058249723462526276
ck_b22e3337b8e3dbb2,0.0028856818782251725
ck_79c7f0d29b1db1cd,0.016283685610113511
ck_84df6770549e43fa,0.0024435564975914962
ck_3c6417a233c68c73,0.030148375523820079
ck_f7485cba392bc294,0.19285152474681697
ck_46bfb2cfc29a6d2e,0.0060602131560618146
ck_e4cf189a8d31649a,0.0016989207488771242
ck_770475876d0e7e6a,0.0023835777970176841
ck_c2b61a98d1c8f6dd,0.70729475644664785
ck_8ae64df60ab6ccda,0.0092746421360546064
ck_507e40760a24d2d5,0.0056502021957903579
ck_a1e77090b1c6ccf4,0.0083968643305092992
ck_09aadb4c41b166f1,0.032279488256468807
ck_604c17cb97dc89be,0.023705121575746765
ck_8d94fbb4828ef326,0.0046369130534102097
ck_17c0a6a92b5765cf,0.0060974634205317345
ck_ac79c72a8fe3fdef,0.024137446388408319
ck_b8cc2df5192bc49b,0.0093990927410035306
ck_3132857aec8485bc,0.00082605538888021256
ck_b6cb8d6ae828eed1,0.039215634577778449
ck_2f82ea66c4f53b33,0.039683398686823322
ck_1de43fd6c6c22a5f,0.052697192225290866
ck_0348cc6908f7f3af,0.00082904328701307369
ck_6e676daa4855b58f,0.026516342739695373
ck_2a37fef48b44e9c8,0.021971456101145467
ck_bfc2a57d8fd1610c,0.64554242566421982
ck_c1c7d4e62c9fcded,0.013671849509996765
ck_36e72ef9273e7a95,0.0057758192898800442
ck_ebd178b3f3a9c50c,0.006509040668659022
ck_c89b9ca398402f1e,0.0012651618185716927
ck_bba413492dc46f2a,0.0056260940170037551
ck_e971faae8a10a260,0.0038187082141629583
ck_7e6569a1b2455cb0,0.00078472632981212815
ck_744ffc11d32b96bc,0.0080616917123718795
ck_435cb24538c6f77c,0.038801140397784976
ck_411219470d0a195c,0.0052465142339202355
ck_6f730b77dc6cdb84,0.0037219641943392586
ck_aa4ba931dd37481d,0.0011850419941077867
ck_aa59702537557ff1,0.05920195876831346
ck_c58d9151834f5bad,0.025481231211456817
ck_3a0e0200cbb185cb,0.014522636689968562
ck_c98b16f9a72a6568,0.00043018456286393603
ck_e5cdbfcca2456652,0.0013447327027762373
ck_ff45764ea7d6619f,0.010561516395089081
ck_6ec39903f765956d,0.013146900121248436
ck_9e17699baa83d173,0.00048308375249583543
ck_1fc98436281ee39e,0.0005808751420896145
ck_76ebeb5aee42f041,0.015503500104251687
ck_562320295fa35875,0.0011745541528403439
ck_84c402b23766e1f2,0.010679975376895129
ck_8d0532d24f1070d1,0.00067339410618136569
ck_32a495128395fde5,0.0035771873220509262
ck_f067470743d3c7a2,0.038549722960425144
ck_28dde633692904b0,0.028137686496011241
ck_e61c8721e3ef1921,0.0041091814900620855
ck_4e333c09f0c37dee,0.0066348198949230473
ck_3d58628d1c853c8a,0.0067347096205005912
ck_3265442528d51728,0.0043022926966622245
ck_cb1c00c300af3f9e,0.0069716933613140101
ck_7ae86b5a885affc3,0.010213015976042976
ck_a50370907e6b397c,0.031531807509151702
ck_df87d6f61a63eb21,0.0060535294778942678
ck_85bf21aa1a00452f,0.0044723285341568917
ck_b9f1465d803e57b2,0.016662485526819992
ck_91c2a5fe69b9b1d1,0.007045074651027149
ck_f3199fbe84a28b9a,0.010357834514578036
ck_ec3eb6dd0967cac5,0.019540245022650785
ck_5124a2e415384945,0.021772001868459338
ck_073509af21dd7f5f,0.97861412367636158
ck_617b65141f546a1c,0.0031115406718934175
ck_fa4b60387d744fc5,0.0012652120833176862
ck_98068c397d70dd3a,0.024448192835222253
ck_aed2681e1646a0df,0.034663453774512992
ck_e98429675b46272b,0.0035561720797827262
ck_b25657bd16739036,0.0062915884304952045
ck_75217ee144b715f8,0.013686421876394579
ck_b359192aa659bdce,0.013435844877192783
ck_82181b935360dcbc,0.98938181423501892
ck_52c0ef68aa2fb8cf,0.013276522229565374
ck_06f042e9b1b662fd,0.03264978881187066
ck_c0b5cc3e8ad2ff44,0.020259887523339456
ck_368b968b5f33431e,0.0014690334052602765
ck_6e44024e9de301c6,0.0006194534280982365
ck_f5e02a3432571b20,0.032213697263504149
ck_bed0c020b10afa3b,0.015581963084685655
ck_7e63168dda612235,0.0029524602399265813
ck_4c25570eb72711b8,0.00083973144961193517
ck_58955542edee1adc,0.0046356751599020262
ck_06d0e4a9189302a9,0.013680713506909158
ck_f1b80b821a20186d,0.017016089621499749
ck_b5c93e6d34f8d366,0.00088844659043444383
ck_69587a134d43a4ad,0.029822191395250896
ck_70a932ab39d86a24,0.00090760222267053552
ck_96100d5e8e051e91,0.0019821099282122108
ck_b26e4ae47c9107ed,0.76859254655166598
ck_492e4b89c61b7b6c,0.0074167532418690108
ck_36d78ff3bc033ee5,0.0052999928640054088
ck_9c9884b9bcaa552e,0.47795983430968852
ck_cfb11a0a2325bff5,0.0012287007436060061
ck_598e036a28262aeb,0.024695982976947996
ck_8176616132458c0f,0.0067642077794432907
ck_4becdd3d2696c7ba,0.0031489895452422273
ck_7333cedb61506ead,0.0058925582814643371
ck_a69ca7b9d70972bb,0.0016296590417435902
ck_e032068be7b77d15,0.015403323615872256
ck_02ec4e06709e6b82,0.0010373648581972056
ck_13cd943777651aac,0.004807639788068206
ck_29640fc2fe81c251,0.2992171992337726
ck_00d1ebc31ec4653c,0.014933031515344999
ck_7c872c99481c1e9e,0.0097353907348840026
ck_b1dba768dbe7affe,0.11243986666100676
ck_7c3a6a82f3c3241d,0.0022887216370429874
ck_c924f36bc1bbbaa3,0.0049551119576897841
ck_0a2b7078736b4dda,0.00083702050724575273
ck_5b5dea6476d4e182,0.017257663235854329
ck_f271e855925e8d6b,0.049621764963977001
ck_97a8dac48dd62488,0.053917139101738808
ck_63133a79f23e2627,0.011325698278900297
ck_9b5ec0f78e160e65,0.0019926533331994958
ck_7264486eb512d84a,0.0080913166876187426
ck_a50621b5eeca84b4,0.00049279435007933039
ck_901d820e0b72abae,0.0020917653947207585
ck_9d1a5cf5a3b87e48,0.0079921976292592813
ck_e291cc60920456d0,0.098993154010057482
ck_755010362a9b1bc4,0.0075048346023120164
ck_8285bd3c90af94f6,0.0045174199022278098
ck_a60388296a47062c,0.024562433581863878
ck_d3d5b2717cfc3913,0.016466931747083777
ck_18d214b1418be39d,0.0027214933508745262
ck_6d64e1c07b19856e,0.0038531324309756575
ck_0a993bc947bab61f,0.015984198634462831
ck_7501ebbf4e21f160,0.022098275009458344
ck_cba4162ef29a6d27,0.0088137799754629698
ck_26bd0f8898afc8ba,0.0013433308990085957
ck_0a0cd7f4be606a93,0.019232598658026373
ck_f2c7a4c50e2ede96,0.025257455261411394
ck_50d0bb7edd8c69c0,0.02768584729047651
ck_5791f8f76a629a4f,0.036745623311360207
ck_0bf35dcf7b38f650,0.0014612200087343822
ck_646dc03de4c31803,0.9283413219787271
ck_d4007b5b26d9d854,0.00070621513709132272
ck_943f66f28dd24750,0.00042188270584675469
ck_984dd7452aee372d,0.031516543341508711
ck_ecaa6de0aca5e9a0,0.018487928467570941
ck_2225b555aa2a42ed,0.070096186799581586
ck_f11f7691af16ad07,0.00049252398970035046
ck_57849e15b61c43b4,0.0028238368577812615
ck_e6b95ff91116a592,0.0026362795731868882
ck_184983177b73dea5,0.0064707699266706806
ck_3bd12d468fdc2450,0.0088734823039239869
ck_08c7bb0f9851cb76,0.05682546103792295
ck_779581adb573261f,0.0050598519194942583
ck_02d4cef6358ad3b7,0.0030664131004039114
ck_a60a61ac829252a0,0.012207273415141421
ck_942b95988a6245a6,0.028452727338434805
ck_6ea70950c1cae00b,0.9832514795741879
ck_f823407ace7ff064,0.017411829962149399
ck_7c418947124dee8f,0.019287855170467865
ck_bb0713a2a1d65982,0.0079509843525445937
ck_a85182ad90b6f1e1,0.00075935919390149862
ck_e267999226b6321b,0.0027512559973891819
ck_4ba8bec14c2217e1,0.0027871368343866981
ck_174be2231c5fd2b6,0.00076934529633672897
ck_610815786d729d2f,0.010556468326444248
ck_e9b75ed7567a3f23,0.020944777625553367
ck_7c5529bcc079600b,0.0079523276538743352
ck_5d16e257c0635f7e,0.30186723135742072
ck_c830f3830875b47a,0.010577847246843691
ck_2caf553b31831a50,0.012104364301748832
ck_90696b7182dd9129,0.01511269067461744
ck_38e4a74ab256e2eb,0.0081735259148227064
ck_cdcf6671b37c9c92,0.006116753637089121
ck_f0c18cb9f951a71e,0.0079620817421948934
ck_d61d97b21002f3e9,0.0070405572560654963
ck_cd09375e6c81d2c4,0.010302617247505454
ck_a79a27767a02e31f,0.038453239034203113
ck_0943e0f305078e34,0.9996152306475623
ck_fe3b67041dad2dd1,0.0005909414670691506
ck_3420f2fd520890f3,0.038351657990970213
ck_3e91dcc209431984,0.014242315607216309
ck_e4d6dedd97233c07,0.041127987112760687
ck_19db0bf788697c2b,0.0044931443314261384
ck_4221e07b17388fd3,0.055573642328261279
ck_5e8e857b63966609,0.27534936073786831
ck_c8806749e263f70b,0.00081664217205977866
ck_233a487d31c3e631,0.99611463565364633
ck_e2a2ce9b8cf44c63,0.0073361388601129026
ck_e6c8611c0cf233d7,0.0024219602472082538
ck_4fecb87eaffd5cb5,0.0078719259161353292
ck_f91d48c40337d375,0.0028821666669612278
ck_79c30169c71b8033,0.85744569765049394
ck_b0ed11080076e381,0.0014068001100837079
ck_bd2545c62f258231,0.016768166205360171
ck_d69de468b44143ca,0.0020736650525713901
ck_55fc62a5f89a7251,0.013228186083201634
ck_c16ab1e4dafb4910,0.1131611186022048
ck_069d158665a53909,0.015283911733460038
ck_ee4ff3aeadf912c1,0.0015876601721214957
ck_ecb1e15f0b185ceb,0.018313743608282505
ck_e76db7d2562f9836,0.016261586185724274
ck_d1d079913aa158bf,0.0042412237452585421
ck_2cb763a881aee27f,0.0012659437237069089
ck_19becd44f2c3d2b5,0.010223011565086756
ck_5e20953547ba4135,0.10245860569548619
ck_f04761b4a937ac3b,0.010602622760840156
ck_7d0fe77dd5ddb656,0.03636164458236095
ck_78f01d78ea79642f,0.0099881394143231713
ck_ad54292a0b2f44ef,0.010916639807431062
ck_66bed631354de5b7,0.0015547023624980058
ck_417090dbffb1a63c,0.012195960670871673
ck_d0935b571a4a3868,0.010725136323480117
ck_dd0e17605f970319,0.0065006176456002861
ck_2dc31db181150e20,0.0031570745260778832
ck_b568ba3837afb39a,0.0010573032036328446
ck_8de69cd219d3b87f,0.95709126576475312
ck_3d4913a86f207fee,0.040470938400882485
ck_ee949c71f4f702eb,0.99747444480927094
ck_01645ea51972e99a,0.023584288775134556
ck_a60c618b7f0e4252,0.0049868093772243846
ck_3837ad850996ba60,0.0071539026184709326
ck_a524071c51ddde20,0.017230468326571421
ck_0af57ebaa45877a1,0.0021104578613985992
ck_a7cf6c3b322f6b7a,0.004268166240636629
ck_ce0ec41f96951048,0.0097365539351370409
ck_5c3a671883d58b3f,0.00040423372755782425
ck_7905fe8e257b0449,0.065307593538363518
ck_da6d1e5cf6aba6fd,0.0061891411153536637
ck_6b67fe8e310ab865,0.0050381102350796651
ck_cbaf8a954281d4e3,0.92111642415848161
ck_ed26d906883bea0a,0.0028524341086011676
ck_b621b6ffcc7f4848,0.0014137267763951584
ck_ef6f8e048ae1bd4b,0.0056441637707250322
ck_2a09d142de1c77ff,0.008465894577488503
ck_c340644176ca03e7,0.014086553872800603
ck_bea2cf7a6b7bb900,0.012467394188639814
ck_1f136a4476b5e775,0.0067690710617592624
ck_3759939a0205306d,0.0045885800063841979
ck_ee13c091bc379188,0.02746793353053862
ck_d58e058b5c553dd5,0.0038032824842740703
ck_396e9ea9a6c6d7d9,0.012630181419420477
ck_402db4184982fdf5,0.0036718475375472266
ck_a037aff5f8128c73,0.0011855398430434588
ck_8f6cce9f69912983,0.0059286986666666902
ck_8758fc6622bbb7df,0.021660602145412711
ck_6ca018259f70858f,0.006978055005103647
ck_63379e3c9fe6f711,0.0060851466475241537
ck_5aadd286d188f5c3,0.0029347780111112394
ck_e69d27e8965df0be,0.0016274662769635189
ck_c67f7944896a0310,0.012773902411696845
ck_565e3418d2f4061c,0.0071333504732287705
ck_58eb871e8d7bed52,0.049171948666531996
ck_d5f5b0dc97b9dc27,0.012722663936138827
ck_87abe9cd066a20fb,0.025225397918051159
ck_ff7e31ff8ba731e5,0.0042895055901827671
ck_f73273e220296be8,0.006478604921427546
ck_73f4eb09af29b1c0,0.010881647340714911
ck_49dd816b31fba6b6,0.39676343428772043
ck_bdd2da300b530c5a,0.0040924696249880609
ck_8a4952de8a123ef8,0.0022632035135891704
ck_49170c4b31a20f5c,0.0018686115260686206
ck_2b7cadbc8b180d32,0.67560000849669
ck_eb1006e7285184a6,0.010348426500112825
ck_646d8d0834782d6a,0.070716881746159921
ck_1b823610371a29c0,0.007890250686215499
ck_8dde670a735d1e90,0.050618676485941212
ck_37899b1b571b1c6b,0.0063046026478221252
ck_82a8bdd2692c2a5e,0.0016312436647639406
ck_5c67f27816ae0b6f,0.0082614756897668069
ck_fb6e06ca88519dcd,0.0066840336846888584
ck_f2c33d5b65b321db,0.015018966716421936
ck_ca1f6f01868e978f,0.0034723731296715044
ck_22bfb9246646eb41,0.69815026243481138
ck_7cd9f39c50748ed0,0.0058900944725353861
ck_62fd7eb46bee9210,0.005247043685807069
ck_c3c19d6a0720915c,0.0018026173473831189
ck_7cd0634a6e60af83,0.0055280197297932366
ck_2733fc6ba23ae46e,0.034713951800111463
ck_82f3f744209888ac,0.015452340630548815
ck_66eb09be007f0755,0.01595345046201474
ck_7f8e816ca51755e3,0.9995850226423364
ck_4185506d12cf9fa0,0.0006366903812068317
ck_2659d1d3762a2825,0.0074974054082208464
ck_df4424f6dd85080d,0.057599032014766662
ck_5e9e149a3b69c726,0.013303644446167334
ck_8288f7f226e08b89,0.0067141160916584317
ck_a7285955e2852686,0.013733641896833688
ck_d099fca88691f66f,0.010143834379467549
ck_166bd1dcbaf4d6fa,0.0012510059952481414
ck_fa5830d81bc8ddc1,0.0072362352600866958
ck_18e2076397bcc211,0.030463857461764693
ck_f7285b92648c1c81,0.0052261930991267212
ck_ff42557857ae3aeb,0.00064792200648673248
ck_7956c251b85f009e,0.7760877432415515
ck_c2d3ecd7278eba2c,0.0013185609801924741
ck_fa00aa0f3e859904,0.019633906841004252
ck_0063d2a9507467e5,0.0021022878692085432
ck_26e9a7bb2061a58e,0.06669504599945647
ck_d7607a213b800bfb,0.014281681076835889
ck_266ce7ccf41ccc50,0.0022504180121028479
ck_8e16a64a776afa82,0.082822212694055763
ck_f7fc1bd0b9ab1fa4,0.0068079817908410657
ck_a4fa8833995c716a,0.0086769375190913385
ck_ab640420858ab5c4,0.10781536379500035
ck_5923f53b77193a58,0.21187676723228177
ck_d1bbfd246c0ac9d5,0.034364725980027655
ck_e007aedbf37d6ec7,0.0013089074036199664
ck_9645e7adc08631b5,0.0042498058593365591
ck_57bbb19eecb4b87c,0.0028998527778016209
ck_96953b8945b7d403,0.0081573490403645341
ck_1078b1e155b5b640,0.0089700578933142438
ck_ee53ce862bc9c111,0.0076615656538842969
ck_ba6e1115fceaa067,0.036253329145204051
ck_78181f8e998e442f,0.0014304656767320293
ck_016e8c8eaf9d511b,0.011787062155671314
ck_e2aa7be60794593d,0.060818661712243871
ck_ae8e5dc4b725bc25,0.011142570596131393
ck_fc7935f784a4f249,0.0020806529446992933
ck_05d44eb1f5f085ce,0.025014932764363142
ck_49886ff1e2c759d6,0.011151189419992127
ck_d87ab3261322216a,0.00056920810323844641
ck_0ac9848bd4ba0c14,0.00069855851862045415
ck_d115ac6b9fd62a7e,0.002334293517175747
ck_bdcf049c1e7d0c95,0.0015892698832843521
ck_7743c9fe037d1f9e,0.010733257834280667
ck_37143d9cc296e6fa,0.0018074648431650427
ck_2f138fce1171e277,0.0014644166542117196
ck_61fa051192f3e810,0.013979658246531605
ck_417a3500b2c717b3,0.0050664556979777824
ck_9473ea4a01c95f9a,0.19126855178903746
ck_de5eaa2cdbcb67ff,0.061706414958931782
ck_986e4e61440506d0,0.84706292248194659
ck_d3877e1f907cc148,0.017807112400208099
ck_2468a7e9e68a0927,0.0019086118571031755
ck_c3ff6790cc6d7e34,0.0022887883938750094
ck_bd85f30c36f5998d,0.15288192641029125
ck_90bf017cdd37b66e,0.029508667802303597
ck_448456f96788713b,0.015942897994050315
ck_455672e652fe1abc,0.63985493750609124
ck_142dba210ed2f3b5,0.0075796486514242128
ck_895bb39d24bc1c4c,0.00071116512691792695
ck_21ed2ea6386c5a07,0.00060042196898465062
ck_61c74163eb36556e,0.017862767468631729
ck_7e2ae8b69ebd5675,0.0046063498021940508
ck_9b71274ff83de482,0.87728165751884613
ck_748af92828c9d288,0.0021359387729789621
ck_6276ece8f80ea799,0.047920157874771427
ck_f4a6a7cadd6e0603,0.059047301061886028
ck_33ad8d53394ba77a,0.64194738058152612
ck_f65e5ff7da565f91,0.0033390315918315626
ck_49969a9abc47cb69,0.01327096784499553
ck_f1e0a006068aff29,0.010895132010410319
ck_72b86e4485da2d0f,0.99833305333495359
ck_0789ff4562202b20,0.010203283705462717
ck_bff090cb4ab76b9f,0.0062973493118708727
ck_15de11438732bb05,0.0040815725052237156
ck_9c9287cb28950eb6,0.001493816456242065
ck_d11d27de7bf0b973,0.16968123168164506
ck_7f08078908599bd2,0.011144040423988741
ck_c1d1a625b885a975,0.012558800676145792
ck_2987eab34ca7805d,0.0093428096186529141
ck_c2ed04a9d218410b,0.0011890681397820823
ck_73d3e8c6077f61e6,0.041293059977971371
ck_9a15fdefc47e8d11,0.025297612363626546
ck_f738b633b8862d18,0.00041136582982682804
ck_56eed7041add49a1,0.12215137967205471
ck_3fe86b6331ff95e3,0.05421013039398153
ck_34a69b3b4a681796,0.058796210086507303
ck_97d04a67a104af39,0.037274275463429929
ck_833a65b86a5d9bda,0.00078728478733850317
ck_34dfb57e5bf31d2f,0.044461863019312091
ck_ba7e347251ea399b,0.007379847316201853
ck_31d4c0518e5f52c6,0.0017398365146032869
ck_6f04d047d1dde75e,0.00037057993502270049
ck_82b5b79ce3517102,0.97369498024612866
ck_80dfa54b30f65fff,0.92754655350795112
ck_3d7b1078e2d57c69,0.0026062175197544774
ck_dae09c4e074af5dd,0.009331457998305575
ck_4ceb43ccd0a81c2f,0.0064695471573328377
ck_0cff8153881875ba,0.011618658282088816
ck_439cf7d51ec7de0f,0.0039899534783498494
ck_165a868bdef28ad3,0.026294722082188367
ck_3174419a81e7caf2,0.0017330388263442143
ck_0c3dd22587b08018,0.045428885198094272
ck_88774ae52e30e877,0.013258481563301746
ck_c24f61925dc158d5,0.034281526786921812
ck_c543d82e22b3c8a5,0.0010966372583222229
ck_c78c096ca8cb33ac,0.0021986660225224832
ck_385188ab27784fe3,0.026772551489614119
ck_9947a323bab5cacd,0.036761967436944161
ck_86d7127391d4e01f,0.0017431120454997017
ck_a1484e6215fac651,0.72035747595548438
ck_d4fd0e438c97e0c7,0.042419120539401438
ck_ac7fe1c344190c50,0.012797201780572125
ck_e7a6b925c8f39a85,0.0052963949865282092
ck_38ee42f15a573e81,0.01105306345755914
ck_01fbafc42c8e33f5,0.0082711409798135304
ck_d3137f0f7629040b,0.0073621963520841922
ck_73a7794b659d7a34,0.003486965528877489
ck_c86520a00e50a926,0.018556889942870629
ck_7f6fa79c7a107161,0.0053374158286580622
ck_643abfbd7548d0c9,0.035048569583785022
ck_1b0434f096795328,0.00096607716860809697
ck_e527fbb9450a4581,0.94912363928934651
ck_35bee1fc12664644,0.22036759812916029
ck_9e21ea33018ce538,0.0077326452773582507
ck_0b34197335ba3341,0.010452314773311398
ck_a432b1bf1d3b3d5e,0.11837629577420908
ck_35c93b2924900376,0.0030457016053913495
ck_6430a8792f400e0a,0.0021088213243812266
ck_7ef666d67bc70223,0.012441819498613484
ck_a3acf4b986afa98b,0.1377922063587691
ck_5d1e25d7acc5af9a,0.0042645925647760447
ck_d3885e286b3b11d2,0.018488975877187657
ck_e7f61b4a39ba98ac,0.00092626961034505322
ck_c9690baddfc4177e,0.00040288961790445446
ck_59fae092fb0c4aa3,0.0054319727329343861
ck_11960b5f1c7a5e2c,0.0030975341631016944
ck_4b9dd69946438d0b,0.0050616250359745906
ck_a2cc3910a641a808,0.90124090907769439
ck_018f780215ecaf38,0.0079970586026414138
ck_baba5d66def0d770,0.26488716559319897
ck_cb1bd7635968ed8c,0.093883017490077436
ck_5a17c89219d1d9fe,0.006578393859477955
ck_3efb0e9bf25612c7,0.0012463437025882552
ck_66f94903177f20eb,0.0040739788807564285
ck_295565fbf77ef885,0.0015104593986901681
ck_0fb3153d37626b75,0.00071036317066177235
ck_25fc3010e8a0f6d7,0.0047250974157447079
ck_879cc3166fe1bada,0.00073977943796528338
ck_a5e036327d3d1862,0.00060970786646821296
ck_1694c28f44480e98,0.015260109101303218
ck_c6cb651149dc9a8a,0.0010350731879388354
ck_c5b583490198672d,0.0042473327532196892
ck_1b96d9af0d7da2d5,0.0023137056123563177
ck_0a8029e79a5ae7ce,0.023202627786304716
ck_c77e22834ef97005,0.70011065972243114
ck_d8ddf5e99f7859e4,0.014667103194203446
ck_91742711dfdffd56,0.013248055881628978
ck_95b894380ad2702a,0.040130291143601483
ck_277621473369614f,0.99619209409212495
ck_5cb9d7b2329d5ab6,0.0074276964072351407
ck_67025c64588abd1e,0.002659930401073058
ck_fef850553862aaca,0.0023548085624832721
ck_7929284327667791,0.043848996589896459
ck_319b059bb2145586,0.023197094963647011
ck_c190c7b924edba75,0.067168797310130479
ck_57b657aba4daffde,0.034327348307964099
ck_55d7217b0aff9fa2,0.0027774986780203831
ck_1dade5592f90a15c,0.013591392006140407
ck_8f346b72fb40bf14,0.0018185465085343647
ck_cfadd21458230ef7,0.00510217473755666
ck_793048d11fb8b328,0.032653111723431529
ck_70b9b79ea1aacba8,0.01367453716290974
ck_c54c5d8e4433b0f2,0.0012014749645970124
ck_50422466f145bfd7,0.0011427644676991438
ck_a3564236069e3524,0.010634155833126333
ck_ef059997563e3330,0.0026579860879658245
ck_e14892e424180549,0.0013126631887815342
ck_9f5f81d771146aa1,0.00063410731772391127
ck_3a469039a5b9d963,0.0041124481577902066
ck_63601a58a6120d8a,0.0045321705264324995
ck_9323e6fc1e168eda,0.91379004190638291
ck_bed8a480e27e911e,0.014552437100713467
ck_ddd6625c5eddad70,0.00086889892996994014
ck_5d22e9ca1d15180b,0.66162059379844862
ck_cf36d8b070ded782,0.0029110054189679154
ck_fd5609bd23a1eaf8,0.00292315760933912
ck_1982d571cd36eb0c,0.0085594141572510815
ck_c021495606b4735e,0.0055512016722131527
ck_1fc03ba33edd9e67,0.016815590366279838
ck_67e075c982add719,0.0028846366982414069
ck_9040edd974ef8e3f,0.96230718316592323
ck_c3fe0c6c5e1f40f6,0.002445137623040185
ck_767947540b234add,0.0084979967760158842
ck_e8298ff2dc1e9d50,0.0029146875637091189
ck_becb6e1c608e0078,0.0024682921268461729
ck_3ce7cad1f69b71d6,0.016025461276117325
ck_ed0e776c0926ce67,0.025751810983421369
ck_14f0484b3817eda5,0.016195506578335475
ck_e2a1068c2fa22525,0.0091753310137551829
ck_eb224c0fd146253f,0.020497839059378048
ck_f92e04024bf13558,0.00095529052612020992
ck_a9161cf1ca22a6bf,0.0058486671705402747
ck_1a46b56f4734d52e,0.012477389818995968
ck_cd655202db489010,0.0010077661824273942
ck_a980b296c95153f9,0.009921127319516684
ck_beaacb4a783db21f,0.0019102479676533668
ck_03009b721568ee98,0.014286430165805135
ck_37ad3a65db673e70,0.00167425005447755
ck_071ddaaf2e4e3671,0.0016692904238644706
ck_019d5891103e7da3,0.017126385493755183
ck_1a065ea906ae3d6a,0.0014283740474150904
ck_6f2f0396e5b1c538,0.99188299007028058
ck_055fb9f2e1c8c934,0.019707657835680788
ck_6fd8c86ac719d7eb,0.045051136169076321
ck_920bb003b42e6310,0.0014693656812402034
ck_8beae3d7328fa41a,0.022386565484701519
ck_910205d25388a0ae,0.00019029285210597785
ck_007337aa99a4891e,0.00081315187918758734
ck_5df6529ce8290906,0.0046135916956898896
ck_35f8656bf93e3b3d,0.002856621162332592
ck_0a2f8b2f8a5b6f02,0.0046940009787623119
ck_fab4f2f8531b4827,0.014223946121753739
ck_7c4e588f927c27c8,0.012344990465053029
ck_7cdec61e1c488798,0.034286255218249954
ck_19468fe07e26f992,0.992870844698307
ck_d021fd497ea35fb2,0.012401809219915929
ck_1b52590757c0fbeb,0.024185751054386324
ck_074be35c951ae10a,0.024095099331268664
ck_38e46bc861e0165b,0.0086298830847601812
ck_201687857ec8b3cc,0.017077687813734848
ck_bebea2cf3063fb24,0.0071039723041545723
ck_dfadff70a58a9133,0.0013333913084327049
ck_d0c9633fed57c344,0.08564963927741831
ck_3303fd3f64632c7c,0.032121100926811877
ck_9d4fed252718f58a,0.0072841518351869023
ck_65ad9b15979e3247,0.020706297661403566
ck_93892e91387f5103,0.0088320396516230679
ck_6f81c199e986d9fc,0.0016867879552007836
ck_bbe1a2ea5a403ad8,0.17314162370769837
ck_a89b66665714058f,0.005207187273738899
ck_0e9b982afc88a3a9,0.99010015193312539
ck_f14dce41036486a3,0.99644073994574067
ck_5d7ae0e3562e99bf,0.048947701394993624
ck_d263b55f0a681cce,0.011508716344320826
ck_a443d49c2b4863b0,0.0086461696106825987
ck_2baf214ad6bc0dbf,0.021289149831070598
ck_3ef7a03ebb81cfe3,0.0010649202054299402
ck_95790440bc4bd2d0,0.0052149199216048603
ck_841f598bbd54c83f,0.012413505103461665
ck_a7bc323ffed2ea97,0.12066843774285031
ck_f5100511609b92c0,0.00067595738176474084
ck_2a07c7021b71cf65,0.01054710793898877
ck_44b9125526acb05d,0.0034692332876868981
ck_c2b4a1d8c0b6c1cd,0.0002098988846102566
ck_29c11bd68858e923,0.0007314449002899391
ck_ace3b96c977a7560,0.044541416831636128
ck_e3d4b6f681c783ab,0.0062998869222134638
ck_918c92182b6817cd,0.1001229888243101
ck_d66952b03591bdec,0.010340195894373955
ck_7a58e0cc9943c39a,0.0061696848190445162
ck_cdd2ebeec75bfa69,0.13276433738259649
ck_38703b7546d35a80,0.0088057829686307831
ck_b60fb9a10d6f4489,0.014515206113806689
ck_bdf837d761a7cec2,0.4390103509655211
ck_4760216154c8cac2,0.5101800103625368
ck_b694c803b62862b3,0.0031847501819645728
ck_d7877684c7923ec3,0.0034650887595189792
ck_7384d4d2406aabf4,0.0065941627341943561
ck_0c2932cc0d553694,0.0074988353622899469
ck_bb41a66e3d90263b,0.053000976779970829
ck_5245cbc5ff4d4fa6,0.0079749903165712548
ck_4df2fb8e4b649e27,0.0025355985440262555
ck_bc6f07b06aaa4ce3,0.56184453064409112
ck_25a1ea40b2d59254,0.00070465195934098571
ck_af65eb885a51048d,0.0013986650285747722
ck_7a3f2961e9a8b6dc,0.0035336356342792943
ck_a9f700eee5d638df,0.0062849498056360776
ck_5e18870d8e30e379,0.022557238307991043
ck_e9047964952bee70,0.020103225189120357
ck_49c3bf13dc9471ce,0.011396593785388908
ck_4f63d5245b3ac1dd,0.015478894391378378
ck_291bffc7809f896a,0.0013482222607258637
ck_9b5e7fe28208f5d1,0.0015329298975164112
ck_8f21f2690c32c691,0.045969277010617385
ck_729cc0b46cc2e546,0.10834990892008296
ck_ee4d9a7449515908,0.0027273253210885516
ck_2c629c657f73941f,0.0082233423526035312
ck_e4df7faacdfe8c40,0.012942642744749827
ck_ddc865af1dd5670e,0.0098630001583094439
ck_e52cbcd9aafd26b2,0.0030631349497289265
ck_0ac9114076f5bf3d,0.011518029129195891
ck_7661d7ceaeb19f97,0.013239008360292374
ck_028c41b195280980,0.0026235006370581922
ck_dcc125b178b79566,0.000737482908977207
ck_1f517e0ebf397b51,0.0080682503804449437
ck_2c80a592fb4cd6a3,0.0024510769559938899
ck_391639c0f13932f3,0.00067816759526003086
ck_c36ed9f8e6792ea4,0.013012419595469392
ck_3689fa41748a6f6b,0.031588826013808184
ck_555848d51f4b5f35,0.017409695861724136
ck_27e4de495abb4d15,0.0054209331249771139
ck_054ed4288ee58d6e,0.021575814786588425
ck_1422a7bf7756294d,0.9956135383892033
ck_27acc9f320cda104,0.080915987291989705
ck_9c4886c5c90ddbdc,0.0013263059585421964
ck_5efbea1befdefe1b,0.095029006649671288
ck_2f9fa0d61829f815,0.012039837307396273
ck_798ba4b8aa544fea,0.001261174924047571
ck_54e581f71be5430d,0.0032521886287365962
ck_5b82c774df10d49b,0.00036439198263685219
ck_01d840cffb870615,0.11097118175157707
ck_3a8ce1cc724229b8,0.00044515811848799006
ck_8f43459991ea511f,0.0025204316191402899
ck_f878b68d66fbfd4b,0.0017460707045942065
ck_e84abfc0c747c9dd,0.91484908631141659
ck_083e4ac78685c3bb,0.0072352562109789954
ck_fd242b18575e3063,0.020609566093692699
ck_b150fe4efb449b05,0.001591826464156437
ck_5e84bca0e362da20,0.010109337525646094
ck_95188150ff059c70,0.025294182669438604
ck_c20638a325ead2e4,0.0014201953016464617
ck_dfd3dbd0d97a642b,0.0032501515937885203
ck_5fdf8a0bdbd3ed62,0.010739167064206096
ck_d6df562a79b9d0d9,0.0051659983492685184
ck_28c53b214b2ee882,0.13251043896964276
ck_aa2b4c662ff213b6,0.013201742689021004
ck_5a6593d954085775,0.0045283752253623428
ck_558cfe5f77a55a9d,0.0041273272016016703
ck_c7ae1d4b3ab38185,0.0027787034395388259
ck_0fd826fad7ec7cd6,0.011204692580159206
ck_ad6d48c20a3688a7,0.0012317319831475749
ck_123c15d93f1840f2,0.1260052764260301
ck_a75ece9a9044eed0,0.0013301175174159181
ck_403da2a2d800df9f,0.11340476272403391
ck_7fd8b1470401695f,0.22799869832658604
ck_cfb06f07394dfe64,0.0012213954903348122
ck_aa01d5aafde73d0a,0.0016838972691605671
ck_dcf851e7bb5855d0,0.0011192493921401328
ck_2fa8f2577116e9ca,0.035911425380974207
ck_57deb202d4188a29,0.0031196606673703328
ck_a95afc7a00303a26,0.0077759854706286845
ck_1f871df76c6a995b,0.071039036977781508
ck_1a6b30320835e57e,0.0045141631106298749
ck_73c5371635aca173,0.98919959975606553
ck_1a9235812de4b2c1,0.019935160629260602
ck_ec26e327cc1848b2,0.0031880218571804244
ck_0742fe64055d686f,0.0013504466080125595
ck_076cbc25c8f15fc3,0.99529758099043131
ck_ada46085a78280e4,0.0075103991233781611
ck_0aaaa9d2f75a0518,0.0046095649684244674
ck_4ff6fc70bccfba96,0.75737964533006807
ck_a6fc92aa91e99b77,0.95287231753306356
ck_6031211ff118cf0f,0.0018467023227964408
ck_920a48ba8c583e96,0.0036657275625693641
ck_098167eaf124c279,0.008133663779205753
ck_91a0ca45f429568d,0.010197760288169861
ck_e077d004cd1d80ae,0.0058115328815682753
ck_20a7d1ce6cc27312,0.0020758881284092703
ck_8d27ff8383d48132,0.002376754266758855
ck_c47e32c47f0e6578,0.074203113017685687
ck_9d7151dbdf100e0e,0.0080774230453927853
ck_5dd80b3c01457bd8,0.012854692080636821
ck_8594f165e95316d2,0.001995429886483914
ck_a58e900469dfc3f0,0.0053256650235991116
ck_f5178a658225d8e4,0.0018502111609024691
ck_f5dde68f6f0468e1,0.0016070603581942512
ck_a8a2e296f9804bd7,0.017144128531382221
ck_463937167965a1f8,0.032228858271222571
ck_12a074db100481cf,0.087212389005348265
ck_88e3dd3039508332,0.010565699632627275
ck_9cdfaa1c30cc9d32,0.0006614601286337059
ck_4e0e80f5cc271bf7,0.00075191755060024102
ck_af69bfcf4f07d932,0.0046083154727001802
ck_5a4d19f1b83feeb8,0.0011768253413932709
ck_eaec5f1a83b66eb0,0.0093269148172554252
ck_2c4be237a7ed79c7,0.0022084903052550309
ck_e16528edc694fb33,0.90119500429079535
ck_3c177f5970b68bd3,0.0032647727852927054
ck_ad7c256ea10c4a00,0.081354840920333238
ck_012519bb095ad36b,0.99773189485638258
ck_0ed2739384f1d644,0.0075422253530931524
ck_48446a9e8184c7d4,0.0012304755655845787
ck_31e1ede23247d56b,0.045934394578203169
ck_40052cac10562cde,0.024036791046908815
ck_3267fe3aac05c71e,0.0024475034951277944
ck_c3db1b3ad4f16679,0.0022518389406740984
ck_1b74b798eebeabdc,0.006563715164327741
ck_510e7c5df1f95d90,0.99935746342235809
ck_948517bad569b40f,0.020875881063662432
ck_b16a7c51b6f7a6b1,0.032917628220351249
ck_b53ea8713d32ca7c,0.007013765384058024
ck_11bf1039f8b3025b,0.0047560532478529774
ck_4b088920f3a844c1,0.017332888331253151
ck_c2015a1200971fe9,0.013402318849333643
ck_f5a32e6160b28379,0.0014937082363170656
ck_b0b5bf9254700402,0.0029078761382917463
ck_eeca179341d56f8a,0.20745308830356488
ck_d94dfde9e03c9d1a,0.011691899309836728
ck_938ce30c864bc7df,0.00071708162758225076
ck_66d38518f68e6194,0.00049873248598154146
ck_115d86fabde77b65,0.00028196959370430883
ck_9e109edd124492a5,0.0032832385719021428
ck_f29471fe7c818d6a,0.0050641511214077123
ck_a27bc31eecd9cb9a,0.0046206183367609897
ck_ed4427962c68918c,0.89702663124753024
ck_7b55d9bb1a250d4f,0.029061467905926463
ck_461e3f7b97db8d16,0.014697147860670248
ck_2ee84f3fa27f2cb8,0.0051397851159608139
ck_bdee7c86f5ebe81f,0.0053757556200390759
ck_719602def4d35fe0,0.022849923116583834
ck_87c26b2f41025109,0.99964424330095381
ck_c7baebe4549fdbb4,0.031541613331926378
ck_6f847263379f2e43,0.021030709703636928
ck_95391029a21caa24,0.016972544192528066
ck_97402a153348e68f,0.002126522879386548
ck_f1acf73363925958,0.01046128441693164
ck_041614694b77e599,0.0028283370473008683
ck_a7b57882ab66b111,0.00097500799733090987
ck_71a0d645744302a3,0.0041269991677729901
ck_bfc453eabb472f91,0.0074863668808642743
ck_c33a762d98f9b290,0.0011237610976805512
ck_9e75c6641939f4fc,0.017071894627179392
ck_d17653a4a2d4a79e,0.021918762231025398
ck_df20cc23b8fb8e22,0.0077289925030596405
ck_62720b81617896cc,0.0045726111107749828
ck_d6d2c1f6dfc455b6,0.091913889539354809
ck_a0b4209feb31f5c0,0.99900493834172122
ck_779cc0f2de4d5488,0.054191702003834927
ck_3152c7115257f084,0.0067414805241407978
ck_a28d6b1601b472a6,0.034708258431485256
ck_761989aa4c47d746,0.013619592266636938
ck_97e3b04a1350f6e4,0.0099902415383759102
ck_397d5fcc9972f909,0.016121658668778793
ck_bae8dae7cfd8baba,0.002581100714454037
ck_04e32ee9834c088d,0.92751368418809021
ck_bba0ccc6cd968680,0.016804402587004219
ck_1b34c420a4c85a95,0.0049405337952102705
ck_a1201284122c141f,0.016230586861870528
ck_5ac335f02280271e,0.015593505060471255
ck_dd882323474431d4,0.033221927997586762
ck_f9604adde929beff,0.0022769668901698624
ck_44211dc210139ed3,0.0050762764478812176
ck_e5e5dc431bed6f9d,0.012270935605038743
ck_17d3022ca12eacd7,0.0036162749590867268
ck_209f574c8d92274e,0.006031241664191501
ck_9fcde1ff46cbbea5,0.0011999345697479703
ck_58fd684aa5a6f289,0.00014940370979833393
ck_e96a5e1f08f8a867,0.0012132643376417359
ck_90456160115f9ef4,0.0015842568026496436
ck_70a60e095e9b706f,0.0024196175551634592
ck_2d46291975f0dd08,0.0016308493464740927
ck_f2734417c0db4ee3,0.0012478108394985939
ck_651e076ee43aea85,0.0025792218781947869
ck_74d602c907ee9119,0.0015092715727009287
ck_4c99a6eadea143e2,0.089239637110366976
ck_8395f004cf4d4c08,0.0022124724465021682
ck_3938e92585df2b34,0.020916187947132681
ck_bc32655ee5ed643e,0.012587281637363735
ck_ced9163ea85589ea,0.14900784884619836
ck_9111e3a04b14dfba,0.014006101435871093
ck_791be3378dd7d64c,0.018295223417480865
ck_7cb0c9ded4d63027,0.024470926884727622
ck_0db62d5f7f75f80f,0.003672119530278167
ck_1723900ab9afe374,0.079131413700111272
ck_54459b45d2be8459,0.0009573358669513097
ck_a0543e9b3abe1001,0.0099917607353347832
ck_08dba09fd7dab896,0.011267861750141991
ck_b9eaf03453ac7d5f,0.0046955834038969269
ck_298922703c5bbe05,0.087121924231595052
ck_e662b14b2bab23a2,0.054287881020185065
ck_4a691892d9d6cf89,0.0028895448988019243
ck_056d5f0301c30902,0.046988300416868349
ck_7cdce37d895eefb8,0.0042749319757288884
ck_c0b8067c144ed6c1,0.0043602714161841702
ck_856ea65fa27d06dd,0.016829839810101513
ck_55d0c7012d7ef236,0.019398698594689394
ck_9bedf54df9418e4a,0.0036644354004785164
ck_00f9ca84d1d8ae7a,0.0018646074111016906
ck_420d1a9c604293ce,0.0084973666559382908
ck_9874ad160efddf50,0.0034174929410807665
ck_f4f6f0caaab70040,0.0019352121255168063
ck_a26704b5b26258b7,0.0063510780173900716
ck_edccb5a93b741744,0.0033054660013389896
ck_a5f7b6fed6df2aba,0.043148835446900687
ck_ced6b6dcdc7c201a,0.0037305692843483023
ck_77549c1a41f837c3,0.029763491576034765
ck_aa5f3ab48c17fed8,0.1095553471696066
ck_2a5a4c18c2c7274b,0.0046921207939592839
ck_e05d44e46c7174e6,0.0047896985315680971
ck_0084d8ab6b1044f3,0.001226129910413211
ck_42633573639a3f02,0.99839239024798887
ck_0fc1086e1c9e04b6,0.0052709462812641807
ck_0e6bebf8ae9b9b03,0.0097850808611346738
ck_f158d9e5f101bb35,0.021715863659963593
ck_e107537a4cb738f4,0.0025473586562178921
ck_ce1b06623e4a815e,0.0027036602134948707
ck_2f4f94827984c426,0.00044884783226023268
ck_e8ea56e122a5a487,0.015237725329583519
ck_2d7394afd61643d0,0.0045259181462350868
ck_8dacf3a2061ca17d,0.0067536563280796158
ck_315fb710a0e371e7,0.00053126891180613959
ck_cdd7c77823c2257f,0.052720448420652363
ck_e9287b6d909d731f,0.0015583697203126838
ck_d12d2924d0f7a64a,0.0021733470303240618
ck_0dda35c0c64c7073,0.99539176103489457
ck_d1ed88ea4211ba4d,0.0014691906840810787
ck_2103399bdb2898a6,0.0029748082870055415
ck_1a524b5cc8da71b3,0.031244445960977592
ck_58e5359efc52e0ad,0.0041270317249584411
ck_3caec7dd6f8d02c9,0.012708933856155543
ck_3eb73e56751c704d,0.014578566714181057
ck_37d47cf0f34574a2,0.00057699494238984536
ck_66d0c6d6b67a8d58,0.0016457226983693264
ck_98149ed45d38c4d3,0.015505333386567377
ck_00480407160e0743,0.0019333265508861266
ck_d1ea4bcc407c7d5e,0.0035099421073974011
ck_ac2f7397801036ef,0.012619680175618118
ck_799aaf9f2b9ef621,0.005599337006225346
ck_93c4e05699b3b7d0,0.0021684720643894862
ck_66accecabf3901c0,0.012306923176344227
ck_f0c4aac04076a6dc,0.0052043557928420671
ck_e3cb5f31d8e94448,0.96974651647453258
ck_e541967c681cb929,0.017070779413141546
ck_8aec3d3dd51517c2,0.0091413087374529241
ck_23edb6d938a3b87b,0.001920095501779549
ck_740e760fdcd27835,0.00096959831553854756
ck_fc40a16adfced018,0.011176809900737781
ck_7f0cd6ea3096f985,0.0022706269576259611
ck_347386629d96c664,0.010937212582142541
ck_2366b29ed9887a5e,0.0004039386131818696
ck_187317383400491d,0.00098928089357434011
ck_dcbab304b55a42c7,0.0043561609625175045
ck_ddcac1ab765ff61a,0.0067569266141451383
ck_f39cfeb277ef6528,0.00037810434182939523
ck_d69455220b21dc9b,0.0015072830065821251
ck_b4703ee97f94d7fb,0.0018634969765293028
ck_0e0bab173622db9b,0.019100756765687853
ck_d6fe761ed0db3270,0.010462756547724952
ck_590716322ff147ae,0.013097551510455451
ck_494954023f0eb309,0.010807965934804292
ck_95e444a01e2ab4a5,0.032558515629121002
ck_0f909705e2e60f2f,0.0019549407712266395
ck_6d03a542922b2ae8,0.0030451895086012867
ck_b0ef193195a2138b,0.003405978820439394
ck_7b1660e942436e12,0.013915127601812819
ck_50ede3eb561a202c,0.0092151403407467487
ck_4c4a939154446053,0.0019179324565649553
ck_504a45ee08db72b6,0.0069293694581672016
ck_f143641bf3dd0414,0.017149626440102695
ck_b7bd3a7f263f4f29,0.049214307158449877
ck_bd23cf9bba1dd33f,0.023675723426967901
ck_e5f5cb7dd6ce4a37,0.018734859012525903
ck_1658429acd5306ba,0.014999535192706743
ck_db1fa53d588bf99e,0.0058228150155897659
ck_edcfa9e1cf29d813,0.028793989729255641
ck_b7c37d410b1646c2,0.007576075661414855
ck_73cab88b29c7845d,0.0086497683140483918
ck_f42a43e4c3f34ccd,0.0010511631231496967
ck_0d0a1a021efea5b6,0.011657480952961955
ck_f8f6a03613b6dda8,0.0046736897997997776
ck_60557f077abc42ca,0.060920735735320967
ck_d75f25184ece2b51,0.0011968278258839503
ck_bb1a981306b750ac,0.10354036302830309
ck_7e561caa5fa1f3f1,0.011259900992605352
ck_e424148c6f2223df,0.0025418017387888047
ck_4937cfa6526ea138,0.0030604104648236079
ck_a72d6df666e1c21c,0.0039108162100661816
ck_245f5d62ead5ef28,0.011908882147000551
ck_059806c52cebe4f1,0.046197644708664012
ck_547090bf35a3b243,0.0076139253762850254
ck_19988702ccd79201,0.0026550966423185148
ck_90b4ac695b9c6bf7,0.0024216030025144483
ck_66267bbad1f1415f,0.9995921404859831
ck_ff6a6d3547dd2d37,0.045973891204380148
ck_03129b41457795d2,0.0089278848688475378
ck_a892252e4e0c2828,0.0038373815933895276
ck_b3905153b9eee924,0.0037475462889596544
ck_e934f984bad2ff91,0.98823587781132882
ck_8d2afe17c0082e6a,0.01490409143543979
ck_ea9edf9c107d429f,0.010223751454410368
ck_61fff5fdaadd394b,0.0026224086362194744
ck_3edaa94d28cd48ea,0.0018017925148339504
ck_f66f06e24ff32671,0.0069995212391855063
ck_7cf562578c7f158a,0.0030298027510512913
ck_66949171b387bb93,0.010206597648036038
ck_87d70f5fe48a6128,0.017593640756839429
ck_3ad3fd3cceb56b66,0.98381165171561502
ck_d229dfa0e4442628,0.00068267562359867313
ck_4732da7e0d2dfc7c,0.010656330408306734
ck_2209de229b4c71c5,0.0053851633407110064
ck_4ed711fe4053e74d,0.056505534667888775
ck_c78b2638fadd91ab,0.021473483304699618
ck_8bb6b0a292754576,0.1139947387634257
ck_0b615ed566da1f58,0.0068421354781751697
ck_d2b3ce1ebabe9f93,0.016652235329601434
ck_d3b2b250da61db19,0.95530473027119034
ck_4ffe0366df388604,0.010128015471370818
ck_d2d4a8f4a9f2c33f,0.0058709160719409388
ck_b378b8d8100ee4b1,0.023908286925945932
ck_20a17e8f206a14c8,0.0029993448614053565
ck_9ed53de6ef779ae0,0.0014707419918734417
ck_3f16e2cd7e6874cc,0.0085745270628154041
ck_ef33c04f4c9e3758,0.020407939571758828
ck_8fd91a3c99e19097,0.022931897155421942
ck_0c6e7bd357e4a348,0.00059926761003654982
ck_95654593cdebd141,0.001497319210093829
ck_9822f8ed05335741,0.010278173226387613
ck_11c7667920541587,0.0024386441530302471
ck_ec3715add8bbb6e9,0.0042816238636831008
ck_f09f9d0e0886e0c6,0.0035546555559022486
ck_12107dacc6d05bd1,0.00082226889424205825
ck_23a016cf6b98d89c,0.024582646818247848
ck_0e719b3a6906b8f1,0.0003654904974201488
ck_7137eeb394d200f1,0.0053825341567811658
ck_8026e017909aaa6c,0.0055424360967245324
ck_ce36b0c287bd198e,0.047235688579287838
ck_926b81c0ba528eee,0.0027433641025633995
ck_6b93bd8abf87b1d6,0.99300251475043655
ck_73762038c7ff2f6f,0.00094464086752551395
ck_abd10fbcbaf2b038,0.0048678859816028925
ck_7ebc5fa7f0d3b8f2,0.014548546849853492
ck_fe33eb743d714c03,0.012725265964196835
ck_17cc7b411f448e66,0.017660779658596779
ck_5debd55f361b2ddf,0.0020885505104816016
ck_350bf14e90b503f5,0.0068974473559649746
ck_469c17407d17b706,0.013420940250089747
ck_004de16f7d8a42ae,0.018305259541098143
ck_27fd85b1e38b675a,0.0009396079516052221
ck_05f79ddd8eefaa56,0.0037389575452705963
ck_3a57a13ce032a6fe,0.0018510716983569503
ck_c965fd6bec0f0ecd,0.0092662042824764035
ck_a721f0d635fad68a,0.0033107165049234342
ck_c29489366c01fe65,0.99102508415335522
ck_781b8288e54ba8f8,0.10114811249662811
ck_c9eb4df91ff07f2c,0.014724585717962911
ck_8a5a57858e8c77f3,0.006511888572895746
ck_76d010aa02eb477a,0.00055298750742881545
ck_7a50abd42298133b,0.0029898538115537233
ck_1d2b80ab6c4944b9,0.0070508028594060699
ck_4e39e3b165edab58,0.8898744134239408
ck_e0ccfa0d689339be,0.0037326232070515586
ck_89790ff26c844bc6,0.044394393950398174
ck_94e8142728e44380,0.019508069502603531
ck_e3a22799716df39d,0.005477540991231526
ck_5217b55593a332ca,0.056577777847265157
ck_c1c9d3842d758420,0.071849985872793301
ck_dd34f0a844fb115d,0.11409246957000248
ck_24cd0d779e866287,0.0012053729731219152
ck_59f46321ecf6d306,0.006722193165566789
ck_e7c212f16d6df272,0.014551108255938095
ck_c69ef0f3e7d6acf9,0.022474142977065584
ck_6c1dbee7e8fdd5c8,0.0015915053240642229
ck_2ad0ecbacd5acf8e,0.97615954658346493
ck_d67d9dfb60b286b9,0.00087663881580821884
ck_b35d803568f82d9a,0.0079550032982206222
ck_af39767cf583905b,0.0021966112974509235
ck_4450b55f462ae134,0.0020181014502515366
ck_545b71eb4fa594b5,0.0061643016699374793
ck_c0422e638a9c6046,0.014072083677709998
ck_cd7dcc884e283746,0.025722237152856917
ck_d6ea026357ec6477,0.0095573221584669358
ck_e30e17db5473c7b2,0.0017475409056443454
ck_5567779d6ba184eb,0.008026741092492717
ck_fca2798914627dc8,0.08564694938216369
ck_fff9fdc2adf5100b,0.96963047816958037
ck_0c45e54897ab34e2,0.010477168904600424
ck_507a6a580ab55c76,0.0078209398586792916
ck_332ad134fb909869,0.0028961332665667456
ck_ca60d61cd4dc3bea,0.0020218874768201047
ck_59735f4ab2ad3da5,0.0079807831212496787
ck_ab9ea095a5c58b4b,0.013665415031455979
ck_ca0cc8ea9f344408,0.0033290941584536368
ck_8e139f8925ef7968,0.0061240855766457446
ck_9dfb2ae78659240a,0.0083248234694054124
ck_90f6f5ced708aa75,0.0007554521906540147
ck_4280c33af57eb4f4,0.0012898688669180816
ck_5ac86682385c86b8,0.0059033282789297719
ck_1bfa8abdb22be8f0,0.046318697490419253
ck_65491367584c730c,0.01364589193320072
ck_3d7db96995745472,0.014617045913748924
ck_a1c39df50a5873b3,0.036546931840094388
ck_ff7c26a62bda8089,0.0010696461774854424
ck_09b0d8af304646bd,0.00064403255656519693
ck_3c25029e40aa8a84,0.010522769847278426
ck_765aaf42c5088545,0.0065594672052210964
ck_e0f845159b6e6a4a,0.017834883689835348
ck_272ae2179bbd8e58,0.0028418868010319704
ck_c0ce85fb4109567d,0.022082354934916344
ck_515379973a8044b8,0.0016699192853360564
ck_b5c3075c811a2216,0.023007408164398443
ck_713159c5c6a7a4d0,0.99930415717993881
ck_5b3ba20c8bb1383b,0.0088428826872042447
ck_67cdcdda3033842d,0.024982795005163184
ck_647ac26c5900f082,0.0046284682664947717
ck_46d51648c1bf80e5,0.1805274852665574
ck_40b4e264d1a12b83,0.92957474092719949
ck_620d7ae27af83cea,0.0085718270195828759
ck_b9e5b318ee4de68d,0.0016537437949695987
ck_cd691e3466fb3742,0.004944190293793246
ck_7190177963eafdd9,0.048654590336188491
ck_362ce13eec1e33a0,0.0039750850168443043
ck_646e270e0195bf05,0.0027515744696290762
ck_472e0be7a3b533bb,0.014151416088466272
ck_0dae4a7eb587f3ba,0.0051381979727726191
ck_e6e7257377c37b28,0.042752095310684378
ck_b7f5d10b427346ad,0.0019641392626957074
ck_3365a0ad1a8aa83c,0.001975899018101451
ck_7a43ef9c7b1c67b5,0.0036287869856195532
ck_7456df89f3792235,0.0046779194185620583
ck_5014a3b07e1f049f,0.60228722332299267
ck_9b12fb56529ebc4e,0.017801392143630138
ck_002eb6552b504ea1,0.0054647936932320758
ck_170f4688e0acd875,0.041393111420342389
ck_ccc83cf66365357b,0.053660505782787464
ck_4719112b55d20161,0.013346521242636227
ck_a02aeec1914c158a,0.0059149816270306363
ck_ad4a4daa826ac68b,0.06613947896727565
ck_0d40961e47797027,0.003677960703535104
ck_114c32aad4b6183f,0.068838111180207995
ck_6ee939b7f396975f,0.0048672703792849124
ck_202f0c14b07ace01,0.023004625963289851
ck_09fd43f1b7e2eca2,0.0013444326729049648
ck_189b6fbe9b9192e7,0.013609415631041431
ck_1383b2b1875000f2,0.0064263790581959345
ck_00bd7803f2530c68,0.0053002163083283446
ck_4085cd3bf2661518,0.0079875556320943286
ck_79323eb5d2e5efae,0.0064583644823621774
ck_7d1661a34164406e,0.97565197478692745
ck_ec30b61cbf517db8,0.0014007015379447325
ck_ef346071f0b7654b,0.0062368292465838282
ck_4c2f2eb657c2c60e,0.0012581971087419707
ck_832d39c590a3ca75,0.93368717537814172
ck_7cc5e0fa3ca5a713,0.00088316717529533177
ck_08b4619490e751a8,0.92559408074873262
ck_e0b3158111370118,0.0059179794293692384
ck_2685f38930866af0,0.0141929542258747
ck_cd6fbd4e8724f994,0.00757571843319869
ck_33160c443d4b3f19,0.056948087136012002
ck_2a2c336a69b8d68d,0.029668282535410075
ck_805ee564bd35ef15,0.024145102634347597
ck_08a0355d1f1890ef,0.0048258591070484283
ck_15fe2a47fa7e92ea,0.0018993153369190651
ck_85ca825f905a34a1,0.019875379872909427
ck_b6527a85fd682554,0.0050796723860413858
ck_9dfaca4c7c80b10d,0.035726501122238907
ck_ffb4d892c5158201,0.00072179361044682545
ck_a544e766540861fc,0.0081876907605777493
ck_354909fecf5da8cf,0.0082320853932770326
ck_fc5ea49518e5d637,0.0014440218779001757
ck_7c12de74de30b788,0.52342084530691013
ck_7f9a748110d70005,0.0027855617155799779
ck_732f725747393ec8,0.021438104051089316
ck_2452a30397dfc54c,0.017115160206687081
ck_08fb463e69f647c8,0.97084192854698548
ck_49df70f908dfd069,0.029284845046991276
ck_7af748a23775bd54,0.10276503186781659
ck_5010ffb1c94187b5,0.00087820937164651924
ck_68250033717cd59e,0.0021180877448642196
ck_83dde7da2bf647ac,0.00081093021387316946
ck_8bbb625384edebd7,0.0012148364503178856
ck_5eaeb87bf6207406,0.98391559444810284
ck_0a7adc2f27f98510,0.015481449843715534
ck_c3719a30414bbb4d,0.0020003018480804959
ck_580f136ced341298,0.0015778447567249955
ck_70d69e5d1bb99e85,0.0064240303903423876
ck_c3476080516db25d,0.0063743365495171796
ck_d4e0b2a12fcfc35e,0.0015227524306037337
ck_2ca91214c357c072,0.14565254962984961
ck_c3ba7534cefc1de8,0.0028983535631461458
ck_e967ff05514b697b,0.0090793452880848051
ck_2d3d7d64a6f443f8,0.039575809603383784
ck_9ccc030ba2de9fb2,0.015360601114786526
ck_387e5a7f163c7837,0.015586449139327477
ck_d51df5e9fbbbcc94,0.056371834306702472
ck_15254db133b28371,0.17845616107087514
ck_5ac959cbcc5e98f3,0.00047535005885673967
ck_619842688294dabc,0.00081200502153581011
ck_179ed66cdfc1ce27,0.0017637952128094717
ck_3a70b4ee59084715,0.0043071688961557565
ck_c1dd3feb9a0b6471,0.010630693456285379
ck_235ce9603c7dccbf,0.026689887754125095
ck_edf1096809e83ef8,0.0019290893025627081
ck_83c2c34add971d76,0.00065628909354820131
ck_0a4e191cd0a57ce1,0.0014680689993493098
ck_472c81a144f4631b,0.00083331310832139322
ck_81818169208a8cda,0.03667614448032628
ck_06aee5a62a67a84c,0.036627543849293204
ck_754cd7b4a5ae3f94,0.023961652109032481
ck_3428910b44b9d08f,0.053094051408977577
ck_a9d2bb4f2bde7052,0.0028552896495686385
ck_6482ed4491bedcaf,0.0043410127453433365
ck_966d4d713cbc7792,0.0017718376301879789
ck_1c8c969667cbaab2,0.91748722202775845
ck_94295287a04c85d2,0.13056900801887042
ck_466103ec5bd9444b,0.010497089559290369
ck_3c0031d7514da17b,0.013765461108801134
ck_9757163e25262b74,0.015326495001510733
ck_c8ad3f01319c065e,0.025656335931296421
ck_d35e3aa9ef5d405e,0.37525844261212005
ck_3397c7856b4669a5,0.0014704288154612254
ck_1745847cd4e5dc83,0.021883286913570776
ck_4b84357ae8ec7777,0.0059040781718150363
ck_bd771efb4a7e15d0,0.013497773287820434
ck_764d40f865e710af,0.0084552965928298349
ck_021c6a4a7e3f1f0e,0.0028073543010207693
ck_123d75ffb75b606d,0.0050631715486334
ck_b48cd8593533fc1d,0.85012248560669013
ck_c7b17f7b24bef5d7,0.0073487309451028462
ck_b11e22e75d9b99de,0.00056240042685126951
ck_c7550723b90e5615,0.0018516527998915149
ck_4dfd8947f540eb24,0.0060506323753591416
ck_731943c682c9394e,0.016856125475011453
ck_7db098a17374bbf8,0.98296349805935801
ck_7f3132d6be389657,0.013314884606500453
ck_95458880a54df0b1,0.1602911220629383
ck_4c6ea04ce8ca9e2c,0.002519119609011993
ck_8777beb11aabd66d,0.028177903414613951
ck_60c3d8306527a08d,0.00066811212992780062
ck_cf8ecabbc61d3e11,0.0081846645277412755
ck_5189a302cfa7cefd,0.00054721567377753202
ck_77f293d44b4a3d2e,0.021937948076867348
ck_bed50fc64fbbf8ec,0.0047501401335559162
ck_929bcae878a3ecb3,0.57225298437537908
ck_f7c6c26ef3c4ae06,0.0050193183763729589
ck_59a9e000fa275e1f,0.042164794636212401
ck_3ed9e081959b2f5c,0.011072244288696796
ck_57f17254e2688637,0.0086586666165976763
ck_52dec82e9cf6135a,0.0023650599794091428
ck_d91ab840848a54fc,0.0014102653350268016
ck_c886adec7bac250a,0.016803074760466528
ck_63d4f5076fe4406e,0.0022846841482116729
ck_ac0ea27e692acdc9,0.013123454829749874
ck_ba845332b730b596,0.0012569505059803446
ck_7e9a8924eab779e6,0.95198709857220487
ck_38abb60995114f8f,0.020111284738262462
ck_323b9cc5c49f8ea0,0.7630166425695577
ck_c530235393360e3b,0.0041279124632954385
ck_1355db6f4010232a,0.0091722172455943034
ck_1cec1ed1512a2d3d,0.0011383091463866284
ck_5c0fe988b8aa7fcb,0.071241200256805123
ck_79e202f06d8dfe42,0.016326159738808955
ck_e137400825a1e3e6,0.0037265125437794351
ck_fefc49a2b8ad993e,0.0097760642314652195
ck_7510b1023cd08531,0.006174079648424066
ck_b95fbf2b5640aa82,0.0042369192185356709
ck_f4536ba8dd2d551d,0.0055272829641203284
ck_9dde2c63acda3ba3,0.0028010304173116353
ck_59472d17debedafc,0.009557207983110173
ck_b0fa8b84e94d8ae0,0.0021460292972779287
ck_5b52ee0a13c71590,0.0017192589769547046
ck_ad3c4be96599554a,0.004732379993365737
ck_458531c22ec2f9b3,0.0032160282442081
ck_b379c198d6db2d62,0.012033376847499356
ck_ed9c56fdb9f45ddc,0.14053449524643644
ck_b3ab3c210e2c7c19,0.01385561545364199
ck_98b34f2d704c1c2a,0.013559072028850287
ck_6def9d0429e4ed4b,0.015178317882446234
ck_ac68d707006c12a8,0.014248726352424645
ck_829cbf5ccda481ae,0.0058132633148285425
ck_43ea894480567274,0.010989954072816995
ck_5e36042cfad96c99,0.22575312752852039
ck_891eaedae139828e,0.0026532860033206757
ck_68ba25dc3385fea1,0.049173109888496706
ck_4a522ca2dc4831a0,0.00025468023069643463
ck_a152165caf295b51,0.0088728685649170306
ck_31c54d540b128843,0.001827178833030808
ck_cc447fcc24a0772b,0.11565172814362205
ck_8a16eb584093b12f,0.00094034549769474445
ck_259271c70f3fbcbe,0.018482404773274654
ck_bd86132499defcd0,0.0056349877472656514
ck_7a4e3d553e8ab5b7,0.1443631053623568
ck_8ee08f6777cc155b,0.018979092621720685
ck_604c710141327a81,0.0023038223619573643
ck_3f1287e6c27de0dc,0.006359430151362225
ck_ae91b4cff57fb3bf,0.0088378432351737379
ck_8d5fa65717d2e0c6,0.017255583759917099
ck_c0b744eb9e7d4eb7,0.012304049663764432
ck_90114c891239d821,0.00091978594814973126
ck_85de63d278f0fbae,0.0006654302721062665
ck_3d41faeb96802f68,0.00057499928869452746
ck_2cd21137a07fdd7d,0.01259685984671252
ck_168e7ea341a36b80,0.0019402767268416803
ck_db23a0e3e54be60c,0.26003501448968347
ck_a958b2461ffc21a2,0.027282839175149291
ck_0b3c3bea0e0ed339,0.0047967660433787
ck_be5df076b8a86409,0.0012512474553214533
ck_2d1548f1ee405cc9,0.0091697624626615858
ck_7176bbc97b1e42a1,0.0011179711704851934
ck_ad9e2088a33c8c72,0.00010004779920812741
ck_324b9939d9c1c31e,0.00077109015692191718
ck_dfc8f5c141fd7c63,0.0043136758424347473
ck_16fc77b2bcf5ec03,0.9320080251796119
ck_4f521611ae14ae66,0.0025285338269472922
ck_a7fcf7b592f68ca1,0.052228268609176454
ck_8311cb6755b2016c,0.0012283540483876731
ck_724085c3452d4693,0.12429340742737627
ck_a0db4ccca08030c3,0.84936409747205099
ck_de39c1947fb675ee,0.01340574216261166
ck_96a9221a87be93c3,0.025198540102736731
ck_98217aeafa0bfefd,0.0090106894779533962
ck_f4a7ac178fd55f0e,0.0021727211536605858
ck_5d818522cbfe2a54,0.035899224530019834
ck_874eca6776b34dec,0.0010044809581588466
ck_7262b4e0c29c942d,0.0032347844348396397
ck_20cd2f5666719baa,0.00080500204371812924
ck_d7ad9921a4d25926,0.010630462484082857
ck_d56ee1654378ffc7,0.011205564683561459
ck_2c7667f64edec2b5,0.0069671629168745683
ck_78730527f8ba1438,0.20421182896197818
ck_794ba5921cef50c9,0.027986834673126945
ck_b8cdd6d6dccc4554,0.0010294312611939574
ck_12cbb211ebd2b437,0.039516698924428814
ck_85cb5033fca7c846,0.021415578199209268
ck_1e51199a075ca0fa,0.0020573450703619042
ck_e0f3ea3373dfc4aa,0.14554400406374787
ck_40799e129fcf42c5,0.09354322965697813
ck_5d4ed73b9efd7d11,0.0055032359461590231
ck_243b1b9fdd3f9a74,0.00082869424193712489
ck_9d64187c0800f84e,0.017988676073612379
ck_01eb24c18ad11fca,0.0275009530096131
ck_a0e46b67e986ab56,0.015633148648122427
ck_cff18e2d8c520272,0.0010798637293844204
ck_6a27c44b691dbfac,0.0033655328263379608
ck_e6ffd0754ac08661,0.00020711078442335818
ck_a7acd5b015823793,0.0038034404304964019
ck_c3f360c2d0ea0a37,0.0071032498976677343
ck_38da3bf629458682,0.0011474396002844908
ck_9a0b605e9c3220c4,0.0091469803773903541
ck_e980d325b8dbb8dd,0.00040261910568912759
ck_75b69034000ca7bb,0.015967474153781632
ck_d451d24c780b5884,0.0042233555523940669
ck_2e824b0b27494a17,0.025805069936863653
ck_23caafc2cd34242c,0.0037569097164458476
ck_ffe2aa26f597e552,0.0051299082723404547
ck_eed7f1f7548df15b,0.0058984102949183525
ck_eeb75f8a6439f65e,0.032002027695994702
ck_2e481d75d110c06d,0.05121466661188754
ck_192579ecdca7ff83,0.0063727149315065817
ck_869b1878d09d230d,0.16657081295355586
ck_323a71f9452d21cb,0.94920471247551963
ck_5e68ea2c5e893cf0,0.017840080000052303
ck_be52a7ec43241ba4,0.024711349460275703
ck_77b56c49cfdb1d81,0.034503385105149269
ck_15e0b679931f7a8d,0.0084979965607993608
ck_93776b0c113f41f0,0.10908066343026636
ck_1f2760764afa45e8,0.003072101575526274
ck_3fa1a523d77cd619,0.0093385651979605681
ck_0e13c4f73818149b,0.005841994236938838
ck_59be61b53d971611,0.0032985457481245479
ck_87eb43e3b9d96169,0.043600026957323901
ck_9b7167da0920c37b,0.019373429634727508
ck_6cd8e0196365c474,0.01869249324800341
ck_9951bd806c13c7fd,0.020544175601918013
ck_c6d2e11a368184e6,0.0029051768572095171
ck_c646cdead6fb79d0,0.0046329065352291379
ck_abaf371ec8249c4a,0.040501493263876857
ck_ccb3767c239018c1,0.0023129475302035843
ck_e5d1462846154a75,0.014498604359489561
ck_939fede90473e412,0.0013911532974602741
ck_bc89644ae3688995,0.0049448690755241088
ck_71c917295020ccc7,0.0021343746108367302
ck_1d58f6caaa4d012c,0.0055980414842423543
ck_609c249edd88c565,0.0069996304874025304
ck_b1496c474c4a3239,0.0010307997782616975
ck_00a07fc2a9183c3a,0.00034969715452098146
ck_2122f201e65f76ee,0.0032400994566563444
ck_a5051eafe8b51224,0.0042645246308871624
ck_129e39ddfde92eeb,0.0010866759091877731
ck_102db9615e722c9e,0.023071189447998835
ck_b6a2bdb2d335e1d0,0.99281426429332731
ck_c4cca8278bdad9b9,0.00040346850487179436
ck_212525e2828a6c45,0.0072520556107804821
ck_84ad096a46e1a960,0.012603436330721144
ck_1294f7af22fade11,0.029594573891442388
ck_0d33977c3de8cfaf,0.99507158350565139
ck_5c47b49c26cce286,0.05154470725450034
ck_f558fe02bb0219b8,0.005956267208093116
ck_c09c914e416edd08,0.010228847042346128
ck_f8b3cdffef535330,0.053682874700713944
ck_46a8db16ad00b749,0.015127598513562881
ck_310f73940fc4cf4f,0.011320258131306176
ck_3d7fa32dfb9fc692,0.0410049772672261
ck_fe8e5a6c880ceb4e,0.002565164778331578
ck_7176d12b18f2cc0e,0.013203022546495453
ck_61d244b2cde483af,0.0084833854390307731
ck_3865b7525b910893,0.020220155540540085
ck_efd7b9e22c6317d6,0.1876439616594775
ck_5e418a7c04437b4a,0.0057463681533461066
ck_2db3fb565e0211ee,0.0022227240531450141
ck_1071d14c46c92379,0.82124334436549618
ck_1d7cd5dcbcdafd7b,0.50710110796821573
ck_dca9dc465f759db4,0.0022095374966315251
ck_0d4dfd93086e7330,0.0028275682199450621
ck_16077934338472bf,0.0008007297369617796
ck_5249b223000915ec,0.01698767422853199
ck_125c5a720ecb177a,0.053122345130630202
ck_62337eccb1672737,0.0058397394250091043
ck_13376c59b5bd6943,0.0015301028702824277
ck_399e45e5fe9beaee,0.0081310025348451647
ck_946afc2943298d26,0.0037263347561242526
ck_a6e8e8f535b1f1d1,0.005507446668226704
ck_7c0fdfbb447cdc04,0.0085959997924022705
ck_ce0166addb93bbad,0.0089257680138646375
ck_7d28da4f1dab09ee,0.28752656436554208
ck_0508908697f60ce3,0.039200002862433934
ck_d96eb3cc55f2772f,0.0058524013497232071
ck_b4384b6c11766ce7,0.008753530662237682
ck_e5cdbe3aa12c97f6,0.0099592024910706706
ck_9f3861940d8d873c,0.013017860824977971
ck_d74a62ab3804a81b,0.0054972945326920274
ck_7cffb189f4f514ec,0.99770026096665998
ck_ec8738ec663cd2eb,0.0088576341246707768
ck_715966f86d5c913d,0.0020199257851762952
ck_6da9c5912e15d9a8,0.0022163154182272926
ck_c081e1967dcd811f,0.015270249022160013
ck_f9f93d1d41be1468,0.73486678262500926
ck_583d6ca78c97d91e,0.19354527729501908
ck_533c4f7400d5ab22,0.056944585877196217
ck_80c0a7f54ff4895d,0.0018323209996899271
ck_a60d6b324bae0330,0.0048867080980641749
ck_4eb1c12f7d092bac,0.00070945493923365373
ck_5a9d5f9901e37e31,0.015660217962172981
ck_5ee32bc6bb5d1d4c,0.044558700913727094
ck_4684fdd61c6a0fac,0.0070699155880026877
ck_510bfbbee37ff436,0.0061124573381668851
ck_a964e6b5d8415334,0.16530827126073838
ck_1b708e2a4a0584dd,0.017530879500860075
ck_2369689bd795ee10,0.0044096602139437821
ck_e9dcf535f8c289eb,0.03737214385983955
ck_09748dfe4df3d540,0.0019712240590743788
ck_2ce5afbc014763b8,0.013077433117557795
ck_132c16312f37810f,0.0023398053961870722
ck_010264ae04f2e902,0.051032842976835101
ck_fec0ff92fd622253,0.0071283297501433911
ck_6343e0d3b1c2962b,0.011218914106843784
ck_be51f4e5e6b85768,0.023586686863993993
ck_f2bdcfb4203ffdee,0.017835372399732752
ck_9720a472a3e0140c,0.0013956968216564474
ck_9aafc33fba1474cb,0.0062772563567400387
ck_5403c76fe68a08ba,0.096005582096848174
ck_6e606f73a1094afd,0.10794061091333813
ck_ca9d86f65cfdf018,0.0033039650897885484
ck_b9f6040eebd1605f,0.015951278713656335
ck_b447badc9138987d,0.00079185747381413905
ck_7fc513033af061af,0.04268690975678751
ck_01c631b38e8a9535,0.0031708388098803881
ck_30753ffe481a1b8c,0.41656483988173043
ck_9129c92c12e0c8b4,0.00063548040827182445
ck_c401a26725b17177,0.00089634760178389271
ck_117d78ccd5820f36,0.0089980078851287226
ck_b5777605668bfca1,0.0017804918982463841
ck_0e5385c70c6de025,0.002063025478537209
ck_6a0f8f8fa4a3c2bc,0.025407301521602359
ck_1c65e8d5be3b9c60,0.076426226087040444
ck_432cc19c7eeaa46e,0.0073737858267934626
ck_ec7406cb5cbc8f10,0.0033139708299811253
ck_18eb1f9181f95df4,0.0020806504686994285
ck_b837c7dac2a9b931,0.011831308041314603
ck_acb84dc2351eeb76,0.0012497499255392629
ck_812cb3a4482cc618,0.01053253058676488
ck_1436f6e11d4008f9,0.0073556635566226812
ck_cb83b9f806e90dc6,0.16126441931254426
ck_60ac5e5f375daa38,0.0047853617729087363
ck_a7e669cf1c3985aa,0.010287455209493403
ck_675c0ca1ebb1051c,0.0020998214934602436
ck_398f3f4cf05c721b,0.0010824867869064607
ck_3364a1d9261b3638,0.0012953487388708892
ck_8dbf61df902a6bbc,0.0017953275949655308
ck_25e551a0a8d2fcc2,0.019095830414924238
ck_7831ca5c31fb3859,0.047903983944147209
ck_7989376f8cf64a9d,0.0034611350662408042
ck_0027ba644f9ae2cd,0.082356794489168855
ck_02a9104419a6dbaf,0.0055103242031481316
ck_f97c477986043755,0.0025553886087024452
ck_4b68b38c1b3326a3,0.00083945239967088859
ck_190bc849e5ff5401,0.011742828185277002
ck_a0e96fed380440b2,0.0038422603312215893
ck_bd25ea782e375b22,0.023913990604088324
ck_50ed8f4e7ae6710f,0.0055427279607022685
ck_86a2d852a9715432,0.11048803133472161
ck_5954f45a2ab45f43,0.0098914050872427363
ck_5fc65c24e0736d5d,0.99690306871722201
ck_51d842e6dae74c71,0.0024731050251642441
ck_b05c4d33c4f43639,0.019148139164586669
ck_538fdbbb3c2bcbbb,0.050991504116227722
ck_735f244b99e3aa8d,0.007048669479269876
ck_5a4eb535c9a11993,0.011605238193766269
ck_706a4f673a9fda3b,0.285298098687011
ck_b92b11d205af91eb,0.0005462820706397455
ck_84569a8fc50e73ac,0.0064803795843430337
ck_a5ecbefa849ae569,0.013349440685752965
ck_40bc6de252865f32,0.0012440852881472582
ck_4666232ddbf77756,0.0022370102331500958
ck_aa0b083e2a6813eb,0.018869131359396791
ck_634276b05f4381f8,0.0042906165918634087
ck_fbff7b5da8111567,0.0018448752800134301
ck_c00e70606904539a,0.0017022526354373952
ck_0e808afe2570ecac,0.010497200422422874
ck_b1495ee5c59a6b28,0.0098501981271809577
ck_724e459b9ece38f4,0.036571333958640796
ck_3c08546dd0c92863,0.0074308600288794388
ck_aa9b28e7fc43af79,0.14169783112889453
ck_f2f3cf9cd23b2809,0.027418772208981302
ck_19660cec756632ca,0.0039644622301806117
ck_221b5d40358230f4,0.0072525061329731071
ck_dcbe6814fc4ca0b4,0.03437023087093246
ck_5f0be7b468a72333,0.005380545194525025
ck_49685deb63e4e8f8,0.0050893813337088735
ck_032880f1114dd51c,0.052206463426304348
ck_238e53b6dee8c301,0.0017466717075971406
ck_7c7ca54969eed187,0.032436546919181707
ck_a6c740041faf0bd5,0.0016645772120101958
ck_2455d43bbdd2bb69,0.0037529628390265261
ck_6c54adce174f45f4,0.0012884426388515592
ck_192bbfd0d5720134,0.0037447500570743967
ck_85e5494ec20383ae,0.006013035749822219
ck_479a065d5903e9c3,0.002374803597167522
ck_408efac1d3885ff8,0.066476455201181409
ck_f7e958a286ae3b57,0.0033605510877848183
ck_8dd44eead7d765a5,0.01109548677845113
ck_2c4d25acbe3fabd9,0.0039965413447887021
ck_621c9ddde6bf2eca,0.009834742335154887
ck_2df4854186ec515b,0.015852741163700942
ck_a15fe7d0f4b65c33,0.89115445310535324
ck_73b729cb161487f2,0.0044917548652587871
ck_053746067839696b,0.01369155675705745
ck_0576b00d728bdf19,0.008928914326783258
ck_daaa995f3c2f0e47,0.012693199813713113
ck_a777c813551281fe,0.005328885277446598
ck_c4de808ae69c771f,0.00074698484517570331
ck_1d3e561a7d20be0a,0.9948678383860895
ck_4cc11c7d3ca61f73,0.0019558260012084144
ck_fd78f8a8663646d7,0.0027430650560630889
ck_3b150afde386ecff,0.01358119748780553
ck_9fb11688dcfe1513,0.0024138027441545904
ck_924e572517515f19,0.19893020549626836
ck_eda55c8fb47593d7,0.0051401260637194655
ck_e066f71f8b296b7a,0.0028148614645518702
ck_32430e678c4f9f53,0.0046210383092919107
ck_7484c214c889fe7f,0.019823755926212376
ck_7bf668e25abeeb05,0.0027900009234986633
ck_3925f8565abb7fe4,0.0047033767641394154
ck_933789b55361d7c1,0.62330716537674391
ck_04212a9bb9b28696,0.99889431069906487
ck_f04938570a154de3,0.0048335548494055141
ck_4ac918e884cff336,0.012939995003977486
ck_666b95e75d99ec4e,0.98092982519995531
ck_9b665ef46d785324,0.00353478544112557
ck_de056e37c82e8e00,0.010597270806868649
ck_618c4e5cfae99dcd,0.042222641571304335
ck_3b74512f774a6e5a,0.0019383558635193315
ck_1ad36046aaeb816c,0.0048157458698326302
ck_2df5a9fc87553eb1,0.004070635823230603
ck_b367449195e36499,0.0078949873140952143
ck_1242aa4496576a99,0.0038683804653522704
ck_133d8a1ac7c0e301,0.99387863077546335
ck_b804e784cde9af8b,0.0038756515611688973
ck_4b3506b624e5193c,0.020538718407123249
ck_475ea9aa6d3898b7,0.0085037358035923837
ck_337b24a474010abb,0.99082359278769594
ck_749e0e50c3907be8,0.0026651906662071129
ck_d1157eade2ac3975,0.008815730910371862
ck_c2dccbc1b24b137b,0.060691321020047019
ck_af02e1817cfa40b5,0.12596516688429538
ck_e9a2495dea8675e2,0.010670410408310658
ck_1df4a1781a0f6999,0.0065895616846633207
ck_f85155ca5c312c7b,0.0087880624033077216
ck_ff090498c4b17ac3,0.0028005077081491273
ck_17673a1c2867888a,0.00082085256494689781
ck_cfc2384f22954830,0.018665789606333645
ck_bd2cdd53fca26171,0.020077633480443443
ck_ec1c902b9b9b9c5f,0.052306236631993561
ck_317360ec0a67d27e,0.084871897888649919
ck_3e3ea5d8c4a229dc,0.02426736105702354
ck_546ad962d04b7de4,0.99135850971590145
ck_82f07504ab59ed33,0.039957118224920228
ck_382ebf136f7fa337,0.12370331431966884
ck_ed471e496916ee15,0.0010397786394095547
ck_0ec820b670d48098,0.00047432475730790799
ck_0b20bfc515ba42a2,0.027402891397488211
ck_42341cf31c08c981,0.006229184924355753
ck_42dcf92e9e016922,0.018730262327542661
ck_424c254249a109f0,0.024339178472736391
ck_ba576d6d4cb6130b,0.049960858274373333
ck_529fc3170fd11abd,0.020640056292236076
ck_be48f583f79427f7,0.029455848506068957
ck_94fff69584dd3b2a,0.02011898618538099
ck_6babe5b8674ff51f,0.0066070469558648388
ck_7e826e233d6ea028,0.0011446287317963108
ck_d55eb81a4d543c59,0.0054801084218641721
ck_12e2b5ebfe8986b2,0.002360917337175996
ck_206f8e3cd72768f3,0.020427906186927247
ck_a2d7a563f520b7ea,0.0053134826469829572
ck_47cad6c3def4c9e4,0.0010298220388084772
ck_46bc797b4d07d607,0.00134983113021858
ck_bda299466bb2136e,0.0096716464238491943
ck_77fce5f86f00b8f4,0.62792235200075552
ck_25822068c86c856f,0.00081662240377547977
ck_9191579254663f5d,0.0055367285156147613
ck_311d395fa9b8550a,0.0048361084171202927
ck_31e7742f160980ef,0.01834420330756293
ck_f3dcd818db92de7b,0.011224543032985614
ck_150a1108f936e6b0,0.004074307790478824
ck_4c37586080edb7fd,0.00059359161179406558
ck_6f8ae0319c07cafe,0.00093486592571473664
ck_fb2a35571ec719d4,0.075317887938425587
ck_e45012f22b7f91d5,0.00073893999507070626
ck_70e6bca473bf6902,0.0022809914577545561
ck_e7501307c0698e5b,0.013518555242318599
ck_e08e9c8ec5f23d8b,0.002428153286057401
ck_72771757dfb7f7a8,0.0047915459175730127
ck_fc418f53ce4aa579,0.99466604517437684
ck_c1ab40638f04cb02,0.0067105969356556581
ck_f01be92dc78a2dc7,0.0075570163973041997
ck_703703bda38fdcf8,0.0059860535044287443
ck_a1c78972e4ee4082,0.032445333907036696
ck_255f0e5888ae9e23,0.029335780247820128
ck_3b66196ccf436c35,0.0024024567507098995
ck_75fcda73f0b43557,0.008042835158263973
ck_d3e208671cf37f91,0.93971581240183477
ck_233397a8bd40d38d,0.0026566057460795391
ck_01e7960c63dca3a4,0.98924906792767942
ck_d932f98bf6b83956,0.19226918837915666
ck_abbd1465fc730d78,0.0033388308631234665
ck_7890208951df34f0,0.0057831862484704292
ck_be5bd81e3715cb8f,0.96423548413799287
ck_ead68310311690c8,0.66245269502736037
ck_c2bd5a722aa637d9,0.0020640244440341062
ck_197f8058cea1fbea,0.00039947645796716523
ck_ab33fb754c818ae3,0.033049532952748643
ck_95fdc264eac72fa0,0.0045891831191877726
ck_02adda6e91e49650,0.0095413694785310664
ck_c54643d94d3ce355,0.066119854437840533
ck_9aa45c4e03c8c57a,0.0099857717026433142
ck_427b91925952cb40,0.026432479382507083
ck_c4ca1434f3778f1d,0.99855874184011628
ck_89a1a780144d808b,0.010699957651285685
ck_8bedacc6233c6269,0.013440173985881151
ck_f4f83b1403ebea46,0.0096743596620359664
ck_a1fd0ad03ff9b776,0.012722270500016328
ck_c30201ebd003fdc7,0.0043577423771759619
ck_9fe9bdce982b312c,0.027394852792650127
ck_09169f22194fd6aa,0.013515074883703689
ck_976fac1bb3dd8c58,0.013218502497611253
ck_bac5233623b25ca4,0.0037683366960528102
ck_9f83fa5a2d3b9049,0.0068013409789940346
ck_b2a79dd3df560f14,0.028281722553131362
ck_62b9fb3db284941b,0.011541572876049268
ck_aa075c418ed9fe5a,0.0088951323759673233
ck_c6abd5d57b1009d2,0.00053590002629935653
ck_0734fd90b2cabd43,0.0037345381335792995
ck_bafe82c870356706,0.99587424068510799
ck_e35eb857c61548b2,0.97282728528622442
ck_22b587c18363899a,0.0013656872592561695
ck_aa295a11b0a6ab36,0.0054248980010066401
ck_d839798f9520363e,0.038774042017829809
ck_8049f5fce32be185,0.58335234106370104
ck_e2ab04136a442a98,0.003477590460037228
ck_c9d72140b0389216,0.015941066904462717
ck_f234ab47061ba7c0,0.00042537785325923985
ck_31fc51d5a3dfe16a,0.010988045882445672
ck_f517f06551e69507,0.0011506932663597209
ck_392cf2cdd515c34d,0.0054090027276766286
ck_366616a725afc6bd,0.017535288105343168
ck_e18ac29ea62cb435,0.010338695990382509
ck_170c65860e2a7e23,0.0020392157085003569
ck_093e3a7134e11d6b,0.0030025397681279361
ck_d111c98b36bdb791,0.0015318451598547288
ck_1ebd574406235957,0.011278179785457806
ck_65519d0fb137e0c5,0.0020486937839662039
ck_ddc3fc99eaba2064,0.017940192050424818
ck_1be8cb95d6d9bbf8,0.0010534726362926676
ck_242521e261148fba,0.0025476824852935865
ck_110608c3b03d4038,0.70413043206351245
ck_0dd7c5925d28755c,0.0034775117187268115
ck_f11be8ce05382cec,0.0067849388129568962
ck_129ffae92dc01408,0.0011503212065623496
ck_b0b9047dddb1ec84,0.24417214661515585
ck_b4954d16b9749829,0.0065168020222177723
ck_66a8325f28be7562,0.0017089961496317976
ck_e1b1e7a7e4a15b3e,0.0036880416607026267
ck_658b4b54be09a4bc,0.98560253671496867
ck_77f8c5042065d506,0.0064347068599937595
ck_b003e5b54df65db4,0.015437178236425429
ck_ce81ff9b8b35562f,0.018006990230217446
ck_d27b872648b71202,0.0033183745768591501
ck_3acfec10eec32f9c,0.010938815835792894
ck_813e02e1ababd177,0.0090506071977306517
ck_ad9a18f58589faa7,0.0039409797214660803
ck_62f5cfe22c952694,0.012438263734777433
ck_a46c1773f01f0be7,0.040024241804677979
ck_405b20ef9ad0ba5f,0.070107791158295601
ck_f948e8a8fdd79b4e,0.0097020167260727461
ck_81275d9d4c559e6f,0.0026323597854826519
ck_40e84e6ffe788a4c,0.018112745341644407
ck_17733f75ebdea93e,0.0029498796072042663
ck_4a1f0172d3bf4fd3,0.011387402801040274
ck_01ef1036b2e66a4b,0.0034811876831996433
ck_084a85145c15ed77,0.025196142229734469
ck_62f46226f244139f,0.024631600130631839
ck_43637d28c7216453,0.0012154379561671452
ck_fcdb4fe2f095fba1,0.047327725274193148
ck_9f85fea4490c00cf,0.0084857991813223673
ck_83e5979334345622,0.008702755341412868
ck_231ae0329ebc3220,0.0048210630068878293
ck_a49a2c1f881a3560,0.0064409700632312378
ck_88ab6d245228c38e,0.00042863952539536689
ck_b62276c3426d680c,0.0055278731535347188
ck_def344d68f06d749,0.0089433116607941822
ck_8b19bb5b23b6741c,0.057801994916725601
ck_c009c97d5fafbced,0.073467789538796638
ck_9e298cae167f4693,0.00085788001624139993
ck_84d62b8196da2452,0.012446570996406107
ck_6f73cdbf9305e2ea,0.0072950342428128459
ck_4c1fdd1669c7cf51,0.0024722844010944514
ck_744eade757ba69b5,0.013630972235001692
ck_b0fe4b92fc70f72c,0.0028805457071875268
ck_dd1c490050cd9051,0.01153449514094671
ck_17bf38d51115a8f3,0.0015313486024776718
ck_166aa980cc87fa77,0.016054364864620582
ck_f17ed7e0fd687742,0.039366804063774311
ck_26896c494b2768ef,0.0067409890306330484
ck_88ef9f85948e1a01,0.00095912416560377126
ck_a28d9bb5590d458f,0.057943083052525338
ck_8b8b9de339d75d0b,0.012238288603350368
ck_6715139e240007d9,0.0020612304031295443
ck_139b54e6ccbdd7da,0.059543254140783188
ck_66e81a4190c33510,0.0052029687499464111
ck_4e862c2f48c38aeb,0.0019214760770315644
ck_1a3ff7620580a514,0.0071640800872422809
ck_f33188c232a03526,0.10406857318998754
ck_348c874eaf0354f4,0.0051672757585342292
ck_931510e384b1d0cb,0.0031786331171233619
ck_e15252ebd7553422,0.0018242978390865415
ck_a3cce46d15cc20a2,0.011492857338967034
ck_0dc1e536231c4860,0.004750623450753555
ck_f92cd37022b0ce21,0.016739584402940825
ck_bb99071e8f58c8a4,0.82922861357918665
ck_06010f0df5b7cef8,0.0066768784989893713
ck_ab7cb50407d6b13e,0.015244350579476219
ck_16a06d58d71935bc,0.043577896509603573
ck_68f56f6560a7a933,0.0010076415039581266
ck_a019151ca8e7527a,0.010903384731188017
ck_d1b9e5d32d2d789f,0.0016390843783538848
ck_615763afc2e17a7f,0.001027530366005155
ck_5eff0208c74ec714,0.014018453088128487
ck_7eebd0e6ad6c070e,0.0046070357040788696
ck_cd4c63155570d6ea,0.0026077037507760523
ck_c5414d7a8031d4f5,0.0012137013564785218
ck_9a88a5a989cb5bc6,0.0024527068950519039
ck_541a734fc457246f,0.013261215883821845
ck_861af5a9a9a6d619,0.0069832953624561515
ck_2cc1d9b587f6da31,0.11937728142889129
ck_7084ed3cf20781b7,0.023665539987842578
ck_e02f93f51cc8caf3,0.0010227312673278825
ck_9a930faade55b8ea,0.0019872506831449489
ck_0afa4449f20d5196,0.0035525681462473834
ck_4d503c41cf4e5034,0.01100958011254002
ck_6ff0fc7487e737e7,0.40787522491791406
ck_b21d8630387cabce,0.0032330768651666082
ck_bfd9bfc5b6ab4a54,0.027187810281862561
ck_629537d8b4d0f395,0.023003753012425483
ck_bfb067986660afe3,0.045505995032985296
ck_c1a31690c8573226,0.0032341184015464743
ck_94c9a4d382689e82,0.032383771634425122
ck_397c03aa33a57310,0.11293384956706605
ck_4b4a3c5b95c55b43,0.00040341218077913523
ck_40780fc0f8d6f309,0.027142783648633241
ck_72022008a92c9386,0.047457996283217514
ck_0af18b3ce015d294,0.0036509057459835617
ck_a481385c2e60dc4a,0.027997383176719508
ck_e49b5e4f2f2e79db,0.19896674076162404
ck_cb88ef3dc1f42225,0.002412319616065093
ck_a4e2607b4c8021e8,0.00065674318601426996
ck_8aa8b9968233a1ab,0.0031690795244294222
ck_cd32e58e8a1c0e85,0.0048584667840973683
ck_69b5620e00ef5dec,0.00055126489055343339
ck_0dbefdac0a1868fb,0.00078809720309818549
ck_fdda581aec411010,0.00072246349169244231
ck_35e411b05d22f663,0.012075088569518546
ck_11662cc7940ffc82,0.03445721162065931
ck_4db6d4fd2b49aa81,0.0071599067331829195
ck_cd0e76f0e7bb38cc,0.0078984674069909541
ck_cf52e46fa54e4540,0.00060450587215477665
ck_337b930fd149a696,0.0086454129644298501
ck_86a61d9a39768e87,0.017811559946563919
ck_8424bf65223a5a9e,0.0030432353653744564
ck_9625a64406ea16e3,0.0024083997770120436
ck_ed0cc1b1c28f9511,0.025607397939648932
ck_9158bdbb63ee8987,0.0070179220234342869
ck_2f241b97c0f8389e,0.014483092230868242
ck_473d6314ea614b29,0.0036623161899891998
ck_7443d6dca8cd1352,0.0031477975692619496
ck_c6fbdc5ba68a8466,0.0053501360306909621
ck_6cb7c97b72d6b5d3,0.0033258519311225093
ck_b43f04431c267dea,0.00069935660153853539
ck_77b2fb17c29f5e72,0.0099019126337956797
ck_b1c51fdafcd80122,0.0086376920578256338
ck_819bf3e8231f4081,0.0088530180437828877
ck_1dedcb48ac381a1c,0.43457990870031854
ck_888651bfc2c8cf70,0.0077288545687303582
ck_af0a6540ea7a36b2,0.0021708483600443185
ck_97e980463aca4644,0.0037597683884468885
ck_6faf3e6820398866,0.0076802690749776092
ck_d0982b4e0e118e4d,0.027229845522154534
ck_3f5e8f3f1df0c8c7,0.084923446277655606
ck_5d8481e2b38bd99d,0.0103410241961356
ck_569b83668d74042d,0.96895530788458517
ck_f8b6069d7577fde6,0.0008656476698204092
ck_837cc7fd48453a01,0.0095204668406263862
ck_2973b8274f0bf69b,0.022875254855665727
ck_69bd0b1abea7e1f0,0.17803401256990323
ck_fa0b234481cb57d3,0.018962113058709845
ck_cbeca201dbade3e5,0.046760079292050533
ck_05a00b1dd5a03359,0.0022069279810721632
ck_77c0fb524edb4a94,0.0020442523970623837
ck_e64f0df63e1be595,0.031589031289506853
ck_5c7ad6e731b69333,0.21982176341406934
ck_b657ae3c146cb7bd,0.0022166333889776148
ck_7dbe24ba01316775,0.030885292093092542
ck_0e3f80c1553c591b,0.012516395923209189
ck_3edc45db58760d76,0.0047819741528860264
ck_24ff97ad90bdd69a,0.057559685747902087
ck_263f6c5ff26b5e98,0.001212133307335122
ck_437afe412ea4259c,0.063667739985570515
ck_ae8c9163cf957d7e,0.019811395808973002
ck_3f8571d4f7420b2a,0.0091671607231495703
ck_e6465c56b337e6c2,0.0061373101051842884
ck_7dff6abe4bd644dd,0.67096193074160737
ck_27fa694569140345,0.00056544629063419937
ck_cdc55623cb16e6a9,0.0025101205116019247
ck_b08b3f089138c901,0.0096841050758138085
ck_79da63fc100830b5,0.014043204337356032
ck_4339f86c87289222,0.98295013788365138
ck_38ea56d43afa5660,0.0054555137981318145
ck_33ecaa7b892e73df,0.0044653680381903553
ck_dba767885bd6ad69,0.0039688551788065367
ck_b109ec4c63503030,0.0095133749635179649
ck_a7f522382509cef1,0.0024170369628899349
ck_d9143e236eef177f,0.031850875144128307
ck_f790d91e5ff0eccd,0.054364975239275498
ck_064013b0957d87a5,0.99398206715940562
ck_643f549b4ac78a26,0.15112453753061439
ck_a07e7409d6d5aa06,0.0082837050324872791
ck_c37f03995f0f0169,0.0014225267006508756
ck_8929d2eb09872052,0.024928351503572491
ck_27f20337bef5ffe0,0.016392960683643886
ck_7c67b73196e3d0d9,0.0088308243907851917
ck_e30db36e376606f7,0.088080240126032591
ck_99b4f266b61ae7ee,0.0076639008122737088
ck_4072b59388976896,0.0073039509643870173
ck_21c99e1d6b881894,0.0012597011811006551
ck_ab2aed614ec1cdf8,0.026917823627041811
ck_a8cac8d480306839,0.00080509463791667458
ck_36d37be780c1291c,0.0010559385560478445
ck_7b3cc6cc3f250f39,0.015880292923145738
ck_b6673bbe61d2680d,0.014753505234995733
ck_c251898b5d51e3b0,0.0026651249999924405
ck_69105f881da3c821,0.006451558230944592
ck_adfb8472d5c3d669,0.0085351552364293041
ck_4a24ad61d017e1ba,0.023011932770514335
ck_15ccbf8ff7d14086,0.0095874364888775924
ck_c4bcc7cefd40f8e2,0.00068850991453873198
ck_8d5eda29a2cffa3c,0.0030641615228063114
ck_df65967b8b40319c,0.00075791687619110575
ck_329f7de7279e74c5,0.0038272341527516296
ck_d5b8e74e7ca6355a,0.017152349081441202
ck_faab769cce19879a,0.025028937647849789
ck_9b552204498b6762,0.0088479540714233619
ck_c7dd84401e29a7fc,0.0024024296216236885
ck_14436a409ebcc90f,0.0056000313401089385
ck_f09165d73ee903b1,0.0049031624253749601
ck_3dd542c2d31be2c0,0.0083742144279034363
ck_8afc1112c12f5402,0.0027158468749612615
ck_4682fad271d47eb0,0.97771613232887911
ck_9bf0d28119fc42c8,0.014491218273454204
ck_4610a073bb54d1b1,0.028050070539257062
ck_f781539b1042dc83,0.0026599435869201051
ck_3199b471575aeb3a,0.0021253635608816943
ck_51d3e8dd7465c015,0.00063749079439745125
ck_bcfb7ffb7cd428bd,0.0059954800513887145
ck_8563fed6674afc77,0.0041323876289240166
ck_89c8b06aa8c84b2d,0.069798657597393024
ck_9a2fcccb82da663e,0.0044194713435793407
ck_e7a3cfb9bf908e80,0.013369391251864361
ck_d99a8b4c820eb46b,0.0028304109073411621
ck_ae2ab6be219219aa,0.0015042495132791874
ck_a0dab7aa9c4a39a9,0.0028932658943536071
ck_604e1b8a8c693aa7,0.0021050308687032742
ck_17c4296276448afe,0.0022852206457437641
ck_9e9a830785112a73,0.014211351221104994
ck_2bb49dc2388cdc1e,0.0016951776635490768
ck_bb303568b6915205,0.024786368490725342
ck_ab1bb02f6b189304,0.4625957400558659
ck_2675e7a008e584a7,0.085899183568166448
ck_9880410fcd10a28e,0.001613669834125409
ck_e73caa3771ec5e0f,0.0022977470147707937
ck_74928f5f91aa12b2,0.016783433570018935
ck_eaebaf4d28400fb8,0.020850660697836598
ck_ec5ea81cf813597c,0.006428778910703232
ck_423ff4ede6a9f066,0.0066241480630211185
ck_205c107cec528414,0.95053535268093159
ck_1df66f537496ca59,0.065867436669464222
ck_3646515079e6be55,0.0097542361339555805
ck_b2c896beec146477,0.010288249866475039
ck_d80283209c963f11,0.0057978611310533397
ck_c4524993ec31dbe5,0.0016104767581383796
ck_9f7807ed64cdb728,0.021627811125136804
ck_8550f229b5eb03ab,0.0041860150943881912
ck_4199342d3aca74e8,0.015970501836475352
ck_3135c019696ee6af,0.98210354531039112
ck_5d01200ba3341462,0.0038898852670754542
ck_a54dc042ebb7c766,0.18831375935953112
ck_ca5b1057f8248f73,0.024186175428595358
ck_1f7ee7b23fc6f2f4,0.0010456603819900053
ck_92d782bd9ce0d1e3,0.011032292914945695
ck_7b35d218ed0c5a60,0.0043194220546178578
ck_eccfd552aa652d3c,0.0044699304310400418
ck_9b6ee35e8cd0b11c,0.0015584311017439894
ck_d838491d3d4f5ecf,0.003575131941461019
ck_3a34c3ac83cf84b3,0.0012940079580176923
ck_c08f622bcd6de6e7,0.027292103964204308
ck_2d634e3f24681c0f,0.016753748149812103
ck_956b5af6d7d86c65,0.97987324681078258
ck_9332bbc7125219a7,0.0047549414807750842
ck_8007824431fa803b,0.0019717780062259824
ck_54b087bd873af8b8,0.0047006780442940925
ck_e70418b00cbbbac9,0.014823339046186768
ck_500948a8d4bd8e13,0.02490144168771782
ck_48e84b0cb0b90fa7,0.015154080692417051
ck_1917ef3e6e345549,0.031385986500365712
ck_5c33bb46c1a5945b,0.0086450615093810607
ck_b51a58e7f032c9a8,0.0087440729523999422
ck_188fdf2be7c92e9d,0.99650881168141514
ck_4a103f8254b366f7,0.0048378088750182886
ck_4388abce33ecd01b,0.43774642723812091
ck_321e740066fb05c3,0.55639847793391917
ck_c93def7392f0aff5,0.022978224336027926
ck_8582490d6e365a63,0.011115317178616262
ck_bfa17a0b1760e616,0.00098822147056425039
ck_65a23ac8e44eb901,0.0097354922767530095
ck_bcc9cbc9ed8b7c31,0.0093365769223731632
ck_6426427efe3228af,0.013562710626970544
ck_eb264d1b180d4b4c,0.045098576337744542
ck_b7af9b2ee0eebbc6,0.03556279523122588
ck_79557434c129ba52,0.0024378727053704172
ck_073da541ec3f9d3d,0.0035966113898596402
ck_96dff7a09d45f116,0.012382920276237957
ck_8ec86e853ad52828,0.20607374567766057
ck_64f5fba6af67e024,0.0084772920167081843
ck_e0fb11fc9dcb34e6,0.005100960230193366
ck_361f535599110201,0.0040498201885380879
ck_34b0988a97d96902,0.0042402076388467691
ck_337c5684510cf432,0.04561663097235491
ck_258d661e450ac870,0.010064900696034478
ck_6b55ec4e87a5e22c,0.77625946710266269
ck_638df9e8a22dfe0b,0.0014109823553808043
ck_e36c8da1bd359960,0.015954915350966964
ck_73188a826b5f499f,0.0030244442919386662
ck_286bfd719836e9f3,0.094058924562980345
ck_a209a5f7d172125e,0.010426962622672672
ck_fd0483639811f62e,0.05933801970382107
ck_0d16d9349e4a9e08,0.013816314913522953
ck_fcf5d4a4748cdd53,0.0026085040726134216
ck_61e1f7168cd9ff25,0.02718246350299823
ck_b7f4baa2cc82fe61,0.0077876006601211301
ck_437f9ecd2016a1a8,0.012028567876767047
ck_04219a7ea798db51,0.025314196732012458
ck_644b1c1149eea9e0,0.028195583018466006
ck_bfc82b3c1c9f2897,0.91567857096607241
ck_9cf44eb0237c2429,0.002022812106249675
ck_2106e509d77fdb4a,0.36797938381880502
ck_49a0efb5d4067b6f,0.059982031099602609
ck_82f360df1e9f4eb8,0.042977623560318194
ck_9986c7d781ac6b4e,0.0033353908550737481
ck_c8413898f5f7cb7d,0.043189418032892092
ck_b3fb83f0d772a831,0.0093697816790264572
ck_a2299b4f530be0d6,0.37079117125028194
ck_fce0b6855886a0b8,0.0094142505016243175
ck_162513e73782929f,0.018194139637602042
ck_3e9e3bba8bd363af,0.0036221517960502445
ck_88cd35378075c84f,0.0004382213590870088
ck_20541686a94fb71c,0.052655827236222259
ck_fa80da579ea9afc0,0.0039338561008616215
ck_7916e53daab36745,0.055576890488834192
ck_121db7ba3be29ee8,0.015093590544116998
ck_01e5986ebb9a78f1,0.013881209814286241
ck_6c26c12071c91ff6,0.0013285201643294978
ck_0e6e05c3cc8c8242,0.0071431566293972031
ck_7738eb085e5753d6,0.0016978087444932655
ck_2bf10be403849c9a,0.0059677761265094125
ck_3e6f35e4500d2f2a,0.00069273338578911871
ck_7a9f241d5f082567,0.0014153472197884767
ck_247589ff532f7aa8,0.0055379257375223106
ck_d1c787c27d50af49,0.047912569655134803
ck_49c98bebd1338879,0.00059081896489660099
ck_9afc3bb849f3a64d,0.0065588013763930352
ck_1d40e4fc541abe93,0.04600834653023296
ck_4fd9dc00e1913587,0.99647372335122886
ck_c19371047a2d011d,0.00053522389495830162
ck_7d9f73dc7c4f90c3,0.087249901441427719
ck_8c84fcde93a04334,0.50339640546564501
ck_e09c97520eb0533c,0.013447839459897257
ck_a1e13c0d58560340,0.00057046466637212829
ck_cacc2ca410cbe80b,0.017696836297566819
ck_dad5cf32ab9f243f,0.0060403389069896216
ck_b2cb9e6610eca967,0.0075542387795318397
ck_1da2f69023ca4c13,0.00091483380178623169
ck_25122cc0e8b1a662,0.024837402094144478
ck_dfee9de05e3971cf,0.0053970954543294458
ck_ca54b32fca7e94cd,0.0050728729046309352
ck_384ccecd342a24ad,0.0026638601704514087
ck_6abf8302ce052451,0.040036464429463403
ck_6ffa90143838a4a2,0.0035485872681539519
ck_34f9951b0eca1965,0.022490888289416339
ck_9385f5a1eeebefcd,0.016696363390891988
ck_3df8da6f60a89a5b,0.0051341273584602125
ck_08ff5bd467226a5f,0.0011853696548729737
ck_6eceeafd56b42576,0.042601691167990466
ck_f744e208183971f8,0.0011811833049259759
ck_7b45ed23304a854b,0.0049393025123485668
ck_f88c79186a082beb,0.011308860907742354
ck_b78d785ca3ef773a,0.0038243601964156357
ck_67207e3eecc02d76,0.012269680604765439
ck_7aa8bc018c2b003b,0.0015485584810414064
ck_676fa5f6aae5475b,0.0059327114069838141
ck_73c18e03e3c7612e,0.00076211106253096011
ck_d91d9f8445b9769a,0.8053821273974795
ck_f6a4a7ed27fe76fc,0.020488738842198859
ck_8742114f4f0cb22c,0.034842759524439174
ck_5c82444b3b9160ae,0.0055314551346136078
ck_2acb54ca20c3af6c,0.014733506069050975
ck_15b93103ccd38609,0.002467441843941738
ck_16541fc15683e21c,0.002376533001179119
ck_039e6d5a330cea1a,0.018490865590993076
ck_d8116c34302021d7,0.00070130496531148714
ck_e03a9d8ac94161d5,0.0015171123831732333
ck_eeb854318b3a6f0a,0.0074280258803880311
ck_e9f228845bf6e28b,0.046955599738581058
ck_203c2a22c0c165ac,0.022702533696825251
ck_5b59e859bed5b40e,0.010938792291647065
ck_7b61717f172f9317,0.9569332893226562
ck_114722e12db90a73,0.0070467587819792706
ck_ccc7916b56d42195,0.0070456252064926691
ck_2dd147ce6d61749f,0.006934236541689274
ck_9ede51c8434cff6e,0.0078331597744893938
ck_88a8b1d442ca3686,0.016137319254315607
ck_36d2be9012f7909e,0.01845750820718834
ck_495d814d6d6d521e,0.0021275657541514519
ck_6f5bb0c930644cae,0.99769420379594032
ck_79749eca42ff1f5f,0.015825089936617909
ck_cebb8aa8c8f62c60,0.0038657249796144278
ck_349cc5edda1b8853,0.020673726551341469
ck_85df7b7de9700aba,0.0010221749812570995
ck_e0983999ca26c19e,0.019330232606513939
ck_d879d645d6e44207,0.002897154517125273
ck_a6c02ae50932cd9d,0.0022435815703598402
ck_50176dae5b1b716d,0.0018757831493151356
ck_d6880578428b965e,0.15122633323064047
ck_f51fe59cd445d2cb,0.01014769950338241
ck_8440ef1386c07194,0.0061630773308467409
ck_28cb9b03e89263f1,0.00087972697627034056
ck_5ccc1a1c78cb33ee,0.03096218421610487
ck_e04166b0ce66393a,0.0035075698495445691
ck_72ff52c4824072ce,0.019303911553809013
ck_11f85bc705dbe036,0.040813178660249708
ck_89f3e380b0686963,0.0047240895850550624
ck_26df74feac7ec51d,0.011869949630561313
ck_a9812ff3c111ea94,0.019193492315641447
ck_bf6fb7e6470e95cb,0.00050826927635062088
ck_cee4e4e1b62bf82f,0.0076827827603494492
ck_7c560467daca735f,0.00082157815894005361
ck_f72a5a3b0d6c1177,0.00053315295664361259
ck_5fc90b4668ea81bf,0.014191320672031828
ck_c2a5c54ad8d0d297,0.0080612862277699288
ck_7508aa554fae6afb,0.032203111611565097
ck_003aa842b7ca1d77,0.19446733964270729
ck_573feefba6bf78bb,0.033450901724674728
ck_83b2b192f41ee2bc,0.14610035435112659
ck_64796b6b2c3c7f06,0.012967892532610489
ck_5fd8924732fe403e,0.39675389239598391
ck_1d96d7fd65f208b2,0.011871512122093242
ck_9d00823bf60388d7,0.0043687257729713366
ck_0ee6965e68efc177,0.0088424420420173729
ck_337e98c69f6e7886,0.0053409118991864651
ck_b8e8dba20676d87b,0.02373250375128888
ck_f8ac3a0500c0ec62,0.007437917879784265
ck_577c816b41cab002,0.98843982662769148
ck_05c97fc9de11aba6,0.16026370221603883
ck_c82364d87875a1a1,0.013266059232830292
ck_e43e53cc7b8b8e41,0.020371465729632797
ck_d07c5b0321c685ea,0.11049247780799563
ck_16077ac345472e6a,0.0062590562902994007
ck_e07fd57565c94c28,0.019231366540111115
ck_a4d6e152b0076964,0.002876829448524785
ck_9929723f65636c7f,0.99744926355905073
ck_d90b1d03ae151f62,0.0061755203875058177
ck_a553418f2fba1440,0.0094271813693568764
ck_105b0c93573fd5b7,0.91693593115096461
ck_2a01e610348b84f8,0.049214583338802721
ck_df1585c7d72a96e0,0.011730066252148931
ck_df520a7a6e405889,0.060324075819675339
ck_2d9524787cfe1ab3,0.96435536630934648
ck_7f15b50b29dead01,0.0099130248459748382
ck_fcb2a559474c3493,0.0063510713631974944
ck_e5ca550b39ed45bf,0.87525229795120707
ck_d2ca47180a926ba2,0.0062169827948431967
ck_0a93ed76bf36c8b6,0.010541802915468202
ck_406c4442dee45cd1,0.00046240617796334019
ck_56de216eda6b7fa6,0.00066987126697894877
ck_3d56b477fe2370b6,0.019336245728504627
ck_edfe8e90e8f4366e,0.001082206441846807
ck_2096d32f3d497ea1,0.036987621330890889
ck_c18245be844680f3,0.0024128597951473207
ck_0253b3e7be021306,0.0021771697788613392
ck_fa5ba9ed9ed6a343,0.021673495758633775
ck_c9c99e5b19aeced8,0.0010724561302883149
ck_14b4bf7be6ac2b61,0.01357516451020269
ck_b7df99aecef385e6,0.030021131873802322
ck_17ab3068fa303682,0.0021860274213647852
ck_592a3520d841d11b,0.0067329867769427877
ck_094974d75e29fb2f,0.029229729361794767
ck_6cfa71d27fc27f92,0.0045360470401783655
ck_f2ddae2eb1cb29b4,0.0060159608714763684
ck_1757fcb0e6e3f88e,0.037693689709844998
ck_7afefa349b960a3e,0.0065416148433012442
ck_487f7fbc290e4ae2,0.0046892511717560965
ck_28dc0de0ae291f37,0.01047019558635392
ck_2c2f080ba185016e,0.018007824556322671
ck_f4a2bb10afa85743,0.0036689554440263467
ck_9ad08fcc183ea1e7,0.0013287088833670968
ck_d08e00c842b75176,0.0054378778947973055
ck_a3be871ca22ac416,0.0040014915087044365
ck_ab70961e7c6695b2,0.0038532861761939076
ck_c6200734c7f9b2f9,0.96264086626600609
ck_d0f470f8078c91df,0.0018487933360937247
ck_11c7a58e09e6547b,0.016193263947945357
ck_2e0eedaaf2980c2c,0.0026304782004180714
ck_0e2bc3a5afa439d8,0.015995110280707686
ck_c416357d20238a4e,0.0084511551828409925
ck_f0c44ee5e3a42e3d,0.0087170082024417284
ck_8342e08cc2f9bcb7,0.0082671020664697448
ck_93c0cb3dac4891fe,0.0067889978001391422
ck_5c5284c45d9ad8bf,0.019536276218266955
ck_3954b7b0fd1d6614,0.0012410846053607808
ck_eb1ddfc353b4da83,0.0053885287602481154
ck_ae668e4564cd2aa1,0.0015458143856126197
ck_d89abbab3d4957aa,0.005826634851037348
ck_364f8203a3e98d36,0.7443412642745546
ck_004fe0daecbe2c1a,0.0034657039848546051
ck_a31a64a39a2c4941,0.0012382409690693699
ck_c49f25dfb39909cf,0.014818980144798254
ck_4ab74a6e7450416c,0.0011762417104629436
ck_55f50a9ae2db8ff7,0.0016602816839476234
ck_7a86ef4e2beaec38,0.00096263531652673092
ck_f67ee7910d532216,0.0069178200994465307
ck_21860dd2159dff28,0.001186570643494733
ck_63560eec94b76d2f,0.011490438062545334
ck_dd78cb6ae2866cc6,0.016046744241876847
ck_c1f4509c8f5dac5c,0.0025361989152991359
ck_b921af37d500e139,0.0027605017260315936
ck_e23e50e02cb3904d,0.026668302161194854
ck_80c4e9274cf976b6,0.96345148266306124
ck_4c352dd3e7c81269,0.012663527386931279
ck_1cb6dc67f9a321b5,0.0031636997577182717
ck_497ed60723283c0b,0.0203305991406257
ck_db23a5100f338d72,0.0059510588659773839
ck_57658eda1c59bc52,0.0013226135679760367
ck_94410eedfca91304,0.017427163781915299
ck_eee99af3598311b8,0.012355007542762465
ck_832341c98254bd84,0.0050055808642783884
ck_094d10439b7b4eac,0.0022645156447982568
ck_2493ee8e7b91d304,0.015507303619505145
ck_254a7c97c36dab8d,0.01716982781920592
ck_f268416945316815,0.0027507764738462269
ck_59e77e3a81f1fa0d,0.0083291097876196287
ck_614ef655f0685060,0.077387124802299798
ck_04d2ea38ee27770f,0.00099186399086035183
ck_b89c6fa2ad0a12f5,0.0060908956404925035
ck_1805fcfc4a9e4ffa,0.94016066912817831
ck_3f5ae4673a9f858e,0.0065538419156698606
ck_ba88a244d5f7380f,0.0091070982239302399
ck_fc832b0c90c9bdb9,0.96186818780202443
ck_7109923fd7dab20a,0.0065600497859745026
ck_a97b481ade6f7972,0.14774167792498319
ck_f56200205280bddf,0.00605848815202264
ck_754f30ea19df857c,0.032977714753436797
ck_59fd11b3232de9dc,0.9890481509156519
ck_7519260415c2998e,0.011585714068548782
ck_b7f5acf5df1bb13e,0.0049610768829423911
ck_46656a23f4456d22,0.9626936352802421
ck_994316fa5a02b319,0.0023573388766301735
ck_ccccb17d2ca6ce94,0.021245332316102067
ck_269f1746f2609ed4,0.0017765253674115109
ck_3521243bdac61178,0.0045249160308278285
ck_cf920313f6dd28fa,0.0066116483672328174
ck_75d2a2715259c4d7,0.024068124965296565
ck_616cc31910f5de50,0.014297378379508677
ck_31e70f2f04b48b88,0.0015031676855820715
ck_76ee10d6e2dba70f,0.025240366839146121
ck_05b2b04e11d9ae9c,0.0043190733387124848
ck_8089fe7403c5f537,0.0041400650009419107
ck_3209c530c9812e39,0.0028744833475551576
ck_fbf7351958ad9615,0.0028407113062387406
ck_0adcb1fffcb0a34b,0.022688760129919341
ck_8f6ca5d3b17eac6e,0.00072411042180745542
ck_77a40c7d2f862a32,0.0095533703396647011
ck_73de0b49709e5f8c,0.0025901669995108314
ck_e3982142336782df,0.0055659671005304076
ck_c6a7bbd0adc4d5f3,0.01157683516663912
ck_fb04ecbaebb774bd,0.0070939526830892594
ck_de7259c3741db179,0.013681379149228783
ck_b6f2a2fd232c141b,0.023499096411787504
ck_91fa5032f7aff0f1,0.070467734169138166
ck_c5f8ab515840a0fe,0.0091269503961944887
ck_b0f8f5408662337b,0.00086594224726142702
ck_eb4f4267e24d042c,0.0015756689370858886
ck_8cd1b68dd74b1375,0.078440223394147912
ck_3398551e81dbf3db,0.016508174427689409
ck_9a881d5433126ada,0.0018736165020487173
ck_9fd0be2c018ff5e4,0.0062513529068522347
ck_364cde38958b7af3,0.10802726161217999
ck_8c95aeec6a4c75b0,0.0041798450225663444
ck_2595669e421299f6,0.019074123433936243
ck_1402d24dd623df72,0.0044059297839794684
ck_5c2d43ff841632f9,0.0020961889551234366
ck_791d5392bbd80447,0.0070352484100657826
ck_f6e9d14dfb6f3c28,0.026473950031445235
ck_18df83242ff3cdbb,0.10500604985482535
ck_c363d3b050baf3b8,0.015242489780809583
ck_f8540cf3a8b2f8c9,0.02229738817427063
ck_dbc487cb0a6c18da,0.90336036400345454
ck_98831b57c7ca2e4f,0.00038333036144005348
ck_a6c7b8d6e8596d4f,0.010472374931896882
ck_13f2560c6a1ec62f,0.0051004673498708719
ck_6c48c58678f64bae,0.0037361850098680564
ck_e0346d5081e640e8,0.038334437478540088
ck_0c9e420f97baaa06,0.88190189506327654
ck_da06d97db0b18851,0.0010197851283704361
ck_6e4f31bd108571f0,0.0018537470729573856
ck_120e995d50956bee,0.025793495831234237
ck_cbe525da0b69f18a,0.012629996559974484
ck_b62f3e3185251f71,0.00097822649265926344
ck_1747fcc466f0ae38,0.00067901719403276736
ck_c6afa913168ce8fa,0.0052925960298949477
ck_e12a9f7d027e3387,0.0026852339692793607
ck_ddf787359d2b5deb,0.00075617552533094833
ck_e1140be6157bacbe,0.0016319103203566063
ck_47d3e8d1dd3fbcef,0.090849124895820227
ck_f90293f1eba5d7b6,0.054523186503889154
ck_2f6e64f638da0f97,0.0015978350922192732
ck_25dd0b02af5b2f37,0.033810450300649907
ck_a2637e4872cf4811,0.10628235846047612
ck_2ae44938847f3852,0.0071398413509581272
ck_8347455ab53ff620,0.0043569075009819757
ck_7aa2deeda0e57412,0.97722028210881706
ck_f9c4f8b4ce2691f0,0.015126301169059246
ck_e5f7b99ba6ec5767,0.0099052530999358384
ck_59371c9140239fd7,0.0079035932069169909
ck_3380d60067b4634b,0.00071632332565928344
ck_27466468d06db4eb,0.0076052309004940232
ck_16d2d27fadeeacf7,0.0036779140477830583
ck_0d5c0736ec76385a,0.00053554312244962594
ck_8053f1879a9b4e43,0.0031285406239084804
ck_ecf9794349eb4b3b,0.017976107349119166
ck_913ecdeeb8e21a9c,0.0064402834590273576
ck_687eab3ffe1f8cfa,0.012705877990887435
ck_e4459115cd8e5e4f,0.0047145829449155938
ck_1964ee9db929a173,0.96963644377947356
ck_77fdac602d0c6f95,0.029181512907665519
ck_1a28b6a40a6bd3b4,0.24736536498072553
ck_bf285dd49f372de4,0.012698898877855046
ck_eb6baff0f85ba936,0.026993367916892594
ck_a9bf75bea912027b,0.033756842946106563
ck_bb4aec09d4968dda,0.13915509366336143
ck_48011996d54855ac,0.38182021932934262
ck_a1b4c96faed3e0db,0.012685375040216986
ck_8cb20053914692d0,0.027597616782319333
ck_5f52728d777ff2c5,0.013585004352646436
ck_d66f42a269d5c1ed,0.0068159188468119901
ck_244b897bb4d57c1f,0.0056854904909780513
ck_4eadbe7298b15e96,0.0064181038203643759
ck_179039559ff7566c,0.024453313483626067
ck_a60fe02fc04407a9,0.014223670745253837
ck_baa47383ffd50f04,0.0069306434176763052
ck_3b1766a1d51f8f0e,0.57637751888358613
ck_abc54ed7111e9ed1,0.0016898621426256236
ck_2a46b7ca55239413,0.0031603520501048529
ck_4ef9de711c3d93b1,0.015358361586195458
ck_ff822700f3605e06,0.99876835663369345
ck_783fe5bc20cd02db,0.019688763082938782
ck_ac9d3d9754104cf0,0.001668547836699162
ck_9800c21dfbd8e811,0.0026822309024105654
ck_454b9e21b7f25a4c,0.0010171067383919828
ck_17946516d5df71d7,0.0065909641792665672
ck_b7e7f7d0cd886412,0.040789139460383761
ck_9eb5b3f5f672c2b1,0.001513164587687386
ck_089e3a07abbe3b8f,0.0025118866550928468
ck_6a28ea6ce69cb869,0.065348863420024383
ck_3be854e42e76569a,0.0011084718143170814
ck_d3e2c26b8adff099,0.066122302850308942
ck_47de038381a9cd65,0.021858380839213414
ck_e26a6659c237b650,0.010306347412672138
ck_7cf301d075e4e709,0.0060730569050895878
ck_c56a44fe315c0389,0.0079529589207279223
ck_0e70516fa07cfb17,0.96507115330558124
ck_d38f941d09eec820,0.026885305969157364
ck_d6a290ff8362c7b9,0.067249276981206238
ck_cda72f597330d0f3,0.0018447361228665967
ck_7c4f12d70f184533,0.00043098819877576759
ck_bccbf9fef367f00f,0.0070880457147291564
ck_710f867a3bd5898c,0.0013319801033883822
ck_be05447853d423a9,0.00037631263706608116
ck_0414507baeea936a,0.01005515922900227
ck_60796eb60fc3043e,0.0034180276571909403
ck_d0b32e039abb8200,0.00195465456904451
ck_9060f4e7ab7a1b0c,0.0047363018927124492
ck_1e0841ed17fe0562,0.010003336067416012
ck_d523f0e50a2747ad,0.0030735749750166988
ck_e322da8b213eab52,0.00083655774175044669
ck_54b0b070689c50d6,0.0009609726472670319
ck_e7dce27edb700f27,0.009367001673535786
ck_79e45040dbdd6447,0.016973321359668968
ck_259eb102342057ea,0.0016140890687464933
ck_cd92852d7376a4a8,0.00091590613880825696
ck_a705c61bd679496f,0.0032028540800962488
ck_4bfeb78b47b7c6a1,0.050286009870348709
ck_f7112818a6d81422,0.052844889184695917
ck_c2504f5a113433ee,0.00089793835353702749
ck_9915ceedf63a5289,0.10874603815156489
ck_bccff46fb0868454,0.098840840648518613
ck_db8733fd92f20cd7,0.021643331927114793
ck_8f3ccbd20d59f1f4,0.0054284810135486429
ck_f77dfe6512eae322,0.011819678766863392
ck_957fb25437c75e41,0.035245445493852411
ck_46225858a38b2e57,0.0032239646881023231
ck_f637fabf0f60528f,0.0074152333906645123
ck_e6a6caf6e7de17c2,0.0034610065458017701
ck_f7bc569b37e8bdda,0.0052168725638263762
ck_e739eaaa7a1822f2,0.026071219984311389
ck_8409716d174635b6,0.004529019884349718
ck_04e40f556a5062ef,0.007196079612587912
ck_fa3b1e85d27af2ee,0.054334571780808055
ck_703b375dd86a6124,0.025415384144801358
ck_63ce4f44c92d7143,0.052674705386795057
ck_0d641d32658d6e0f,0.0008190943568171466
ck_6a2c4edd82e10969,0.00090692143711176908
ck_4c5ff58afe3d7a67,0.0014085478781779136
ck_6b114f2a48152b96,0.00069621492635247597
ck_e842fb0cf055a83b,0.029647300308769674
ck_53d17ab97de1ac3e,0.0033281557083415874
ck_8bb9e75393954a1f,0.00098046778538380471
ck_07cb2b6f2a4303e1,0.016566464382014288
ck_31631e2028d4f855,0.0054304689368945523
ck_4bca22b5926b9c28,0.0015133478767100869
ck_1631bab0ba1256db,0.01123523488624586
ck_41d91dc9f5063566,0.0086386760886887973
ck_cd78f0832a09bd8f,0.39295764374794451
ck_d5194f2e92fd6427,0.0097657210579338242
ck_e25f70d0b7229420,0.008889649441501439
ck_1496568ddc3b2d56,0.011152130090243554
ck_53a6a33060d5c8b8,0.0066744571569049048
ck_1dbf1f15193197db,0.036794972744494045
ck_5c85d93ecfed4b0e,0.0083837209564927712
ck_2b359a979520276e,0.0027034006665350978
ck_1c93cc58f314bf71,0.06237217613782034
ck_9341c7959543c542,0.0010382133346366832
ck_1da9d40837ebaa57,0.0078706449824093409
ck_265accb3c5c32620,0.028343110287795622
ck_ec4e597f17f473c6,0.0012140532096791342
ck_612089ec90c37219,0.0064995806323754433
ck_c6bf67470f526771,0.0075878517914140329
ck_6eda4c36aecad602,0.0032710116440114725
ck_e62eb708d2688fae,0.00538959135868523
ck_e21a900556b382ad,0.0098318350411014926
ck_fa3a766e49dc77ae,0.0066999353794054564
ck_18a55b06ccccd88b,0.0086644362325990192
ck_6ba091eb42ffa9fb,0.035396005938066209
ck_7b8cb0f90fbdc8c6,0.002280680918887197
ck_228a583f23abff48,0.0096545981728480626
ck_a3ce05e9e5e32142,0.004054902243305865
ck_fb4797045077bc6d,0.0016562327538100462
ck_5fdafeaec036f016,0.0072537658757920748
ck_e9e8cacd2fa35e79,0.0033172158293018794
ck_ff182f033134dbb8,0.021327834305308161
ck_0cbd3b27063d4415,0.039859701145437458
ck_81709736281fa3eb,0.0016265101202179899
ck_b0a0fb0ee9ebf106,0.0055597780491569377
ck_2faf7ecccc9fec58,0.00070309070417591026
ck_d251e9fa09e542dd,0.9990247720577583
ck_32f590e87bc3d715,0.0002129057701806302
ck_20de8abfd8960ee3,0.037451510867536252
ck_a60e6edc48e3d0ac,0.12036014445997857
ck_905e460591d9a278,0.031327700136876864
ck_2ca83dbd728af019,0.0036569999482729959
ck_7061786fe2f22f5a,0.026095748497055725
ck_821446adc95e6da5,0.0036568161614368901
ck_b1182471d9ac6b26,0.0044774124878356521
ck_59d380a0973b3951,0.0058356677393918326
ck_f7fbc95ebf584379,0.0026318628697794611
ck_8e9faf94e3e6c757,0.00049815449549751401
ck_d9ba2a6c0d926b4d,0.0011973107091830108
ck_4d3aa36ff83f1132,0.093529487087181104
ck_db906debc36a5d1e,0.032018337239272464
ck_329a73dbd585ee09,0.007590110033404724
ck_f6aea576cde8d592,0.00035564104805948165
ck_c40ffefe4e30b001,0.033894663617211829
ck_501dcf1ead036d2b,0.0039413658859483083
ck_8247b79ac67aae7d,0.027752730080979726
ck_e48d14d5b70ef5aa,0.006425808566254832
ck_f3ab5dd853d38252,0.010547201993381189
ck_1a0aac7f7b94b1be,0.10806780931868981
ck_d4c8f0d957c3965d,0.011843657979295751
ck_9e3896c2668ce06b,0.025489387459552985
ck_227602ad072b838b,0.0010036100745640182
ck_9aa899a5230b0963,0.02704607020749784
ck_344b2e326a6c3dcc,0.0020327936085305612
ck_baf43bf1bd963f9f,0.030865970921990997
ck_e6c584b4b1ad6d9d,0.0046144465381740022
ck_ab9f0e08af030060,0.0069806989983394237
ck_5ad798286384484e,0.0054206382649389616
ck_ae7780327e210522,0.0070291255625194596
ck_185f15b1523bbcf4,0.0034595944391256172
ck_bf378ea558a4125f,0.79124780040143039
ck_1325000bc7f35b5e,0.00081446460869665101
ck_98e1992ac8e7d2de,0.024292376824470389
ck_71fd8c346fde5cca,0.044798831722707724
ck_47a884dec960ff2d,0.0083105454378329981
ck_2dcbb71e39d64305,0.0079221420606414607
ck_d546994fc5d3e9d1,0.017205971926991338
ck_c2c7d1e45a521857,0.02158333498368549
ck_d72035cb29db3aa4,0.0087970259478056274
ck_a0498755cd8d7188,0.00034014590539717767
ck_a9aa389688ee5aea,0.0052342901658245528
ck_ff24776280ceeeed,0.0058946788854763663
ck_124432fd5c92af7e,0.84807749784371389
ck_b27a9e39726b26d9,0.00077911927862221871
ck_c4a72c09f2fdacc4,0.012141006543468951
ck_bf47375e41ca3bc0,0.0013829720710925994
ck_4c518637db2322d5,0.097142530362947691
ck_9e7278fc7679f002,0.019020532397642877
ck_b9facd2210daca5c,0.02958115588905481
ck_1c607e24f2c4397a,0.027001642375544251
ck_b1e81b58b9a545ce,0.038908218438828766
ck_9d5049e195eda029,0.0070176534162341465
ck_29076a13f539187a,0.17448695445841617
ck_00013fdfa0bd37dd,0.01015486335125804
ck_b6675a04df1a4276,0.00094863329405310494
ck_52427b3f8478db19,0.011621466529469097
ck_3b810f15ca0eaa55,0.0023502321559689941
ck_0f6d916c92189516,0.01222415854154941
ck_b3dd1198ac5aea73,0.013386720380641145
ck_9776cd8263a9f415,0.019518297448711478
ck_7d51c86e0eec72ac,0.0099588927507702589
ck_bc2e771a1d8d2dee,0.03738165151382402
ck_c10e54c9db29e6ef,0.97614872450060464
ck_7184ad7709ae4c80,0.01687679978378109
ck_e55f5ca37f30ce8c,0.0093460052785038269
ck_fcfe06e44d09a344,0.023367637338187773
ck_ab3426435b0017d6,0.023731072350665947
ck_c383aeabd53e9c89,0.014038633158679554
ck_71bc01291e0533a0,0.0089866098902482098
ck_8220da627e9992a5,0.00084362507744222123
ck_91d417507a8c58cb,0.10350611776705387
ck_79d6793d1d0cf43c,0.00041230589299606904
ck_8d84d771a21942a7,0.0021841599177242249
ck_b046a42684468e63,0.0063762548515005945
ck_1058129ed7b48c59,0.0089055002230316455
ck_962e65ab33b5c311,0.97702036071211096
ck_3ded7a8720d7e311,0.0020364446456958996
ck_9da82e567074da9d,0.00677670052065523
ck_7b1319a5ca2f63c6,0.98006710479895265
ck_2cfb9a7775e8a5bc,0.97977613953342624
ck_6846100e43659bf3,0.0011843511454342297
ck_c72a7d0d03cf3e17,0.051586926436784759
ck_fb00aae4e17740c5,0.003020035527643457
ck_2770b0400a7bef08,0.045010624592661024
ck_b36086ae6d87eec1,0.0051488028410452743
ck_ea2a83ccb8d57490,0.001286071888755993
ck_4be03a2aa62b93c7,0.00086406747975482088
ck_2786cbc3e75ec034,0.12849957251463473
ck_ae1da8ee98e402a4,0.0035415656759548884
ck_b5e54e22e3d6960a,0.0015657683547365576
ck_3d139692c51b604a,0.0098671808850285189
ck_718a8390b3d42d7d,0.033049993092507668
ck_62081bc35aa59931,0.011357142800877653
ck_7c7266f6ef2a8466,0.020960447986170028
ck_885cf685a9541190,0.98330981084764546
ck_2857a4ce9f72fbfa,0.00064446207555039726
ck_0ffdff7b2f5fdfe4,0.026596045313670155
ck_01a750db6fc1168a,0.094371397788410555
ck_7eb4f33260f1dcd4,0.0040362144931946689
ck_260ef2f3e6434819,0.040223377535396274
ck_544a9e80b7fdc279,0.0017409024565939975
ck_97d4bd922996fa10,0.0056011103144827934
ck_795c49f312640019,0.00049435532782128859
ck_0f8cb09d3f4fc980,0.048309276591195771
ck_69eb0b2ccfbe5f95,0.0091664004547509781
ck_44950df09ff14ded,0.0014181006200972963
ck_70d19d5650ddc8f5,0.0076600889920327092
ck_da39653add0f1109,0.0008737242080018526
ck_b7431d4706461ec6,0.0050631983247287132
ck_2f6a639468f41043,0.0015741512935177604
ck_5a29b7018e43280c,0.00057603726135441592
ck_18bc51bbf3ef198e,0.010583351403116481
ck_5486768475af7bb5,0.9900973000524913
ck_edc9668282e3c8cb,0.0053031845975409012
ck_b64c87d5e3b10e6a,0.87354368892154555
ck_bb399ed6bf28c230,0.020335723247458064
ck_7ea52b6f27edcb73,0.0079064538245192367
ck_0789a05e061b2784,0.11665802034111276
ck_29ea329fa40ace62,0.0086305483155793752
ck_0034d010d28aea78,0.006156208811699918
ck_b52b99dad89ecdfb,0.060916022906786681
ck_e7b583acaa3171a2,0.019216859469120141
ck_d2d4282f9d256b3e,0.0072245405969184745
ck_130d3848b9dcdb05,0.0058852982899985943
ck_4fe4b072f03f2c1e,0.0019973315780455656
ck_16801e628e883d78,0.0046255082831914464
ck_610c7bcc1cd7ecb0,0.014832325947204583
ck_34d6d74bb3ed11e5,0.0020576015354065386
ck_e87897767c612942,0.0057274209231173946
ck_d902183f80cc81fa,0.014107341669348683
ck_df69858b8a8b3165,0.0043860006932527461
ck_90489c405e6886d8,0.0021334286378178607
ck_84d07028b5fca2f6,0.012249550388842711
ck_d96c893721385e4e,0.0011354997917702276
ck_f65ab819373edb37,0.010948047970132886
ck_21cac21fc10b7768,0.0057702659108055925
ck_a0255ab46e122d2f,0.00072383351909851743
ck_084322dc5a3a86f0,0.005706078433887889
ck_786448fe3004cbd0,0.0018392319282197482
ck_e155cf506b2fb699,0.0025181397637179998
ck_5984be472d2bc267,0.21135266987636364
ck_dc3d8b5c17b67ae9,0.0018020369551090215
ck_5ab68b434ad53fea,0.0032058504428829934
ck_2bd73d9098504760,0.044539889045124681
ck_d21b38231a8a9f4a,0.29664447171651576
ck_1dfa91405d7e66bc,0.0027720075106796318
ck_ecdd01a391610d99,0.0043699266000557825
ck_f928dba0d587d7c1,0.0010658009316959025
ck_d87e26eb5bc84b01,0.00062654595095539532
ck_d66d59981307db93,0.01438432613901389
ck_07f1734be7fac56a,0.016177479397734285
ck_a9b0c4dbd7db6a91,0.026249623142577297
ck_1587763dd54688c9,0.0029957696619151322
ck_dd30558576b45e7b,0.0034116995762623996
ck_4cedf26628c84f26,0.019153195951566435
ck_a2d709e7eb91e4af,0.076124570670077413
ck_3c48e0cfc2a58041,0.14722696681062233
ck_b8fd61a8e82bce32,0.99323388688921832
ck_7a1519ad5ff45312,0.001003487223882259
ck_9dc23031b6b494af,0.02509625478042455
ck_9ae904fbef56065c,0.0017215501744714734
ck_958acf84c6137a22,0.016013439867546154
ck_fe6e168cdbb46b9a,0.043581097747148904
ck_962c3bbf27cd4b80,0.044703287961949341
ck_df1a6edaa3e6b271,0.0026318407713230739
ck_df0a8f20ab8f14f4,0.011934975910757506
ck_b0a947b498e47018,0.015774776696496736
ck_b616b6f45225f319,0.059686518679100541
ck_ba3a6be026c87079,0.0059611711824171651
ck_bc7710f7e9fae649,0.00088837375462868606
ck_c5eefc0697451de9,0.0093209067366799361
ck_e69195a3c885053d,0.0011148257931057593
ck_52e37e2170532e2a,0.16227277395345552
ck_826a27ff7555192e,0.014206287855513811
ck_08c6cc1e143475e3,0.0025053128231410826
ck_923d6a0f83accef1,0.0072907087974566666
ck_09a988ebcf062297,0.033883503276809751
ck_17de46314b5c6a92,0.013183557452414648
ck_6176baea8cbebbb6,0.002189035930992826
ck_e74716a525ee5b24,0.00096549671911947289
ck_8fea7d915259f1be,0.0040351926829547864
ck_ddc11fc481eef58d,0.041897721309470719
ck_4feb21e2fb0b3977,0.0027339902207977988
ck_03d3026107175dae,0.010898446590194545
ck_6ad56ef40086dbe4,0.0032867975333616835
ck_e81fc223bed3c46a,0.015278652404978707
ck_862c7953bdea48b0,0.0024827082199168769
ck_c0dde2a6ef1e08c5,0.0013168135061373428
ck_660f0006780e87e7,0.0075925184964576158
ck_69887d0a9aaca6df,0.0014418881850234502
ck_a95f212a02433d23,0.010504324333563504
ck_ce1e695884511479,0.015185508755281843
ck_ebc5a2c6cf88e252,0.015088420504340902
ck_2122e9bb1afffef7,0.0082731048675066896
ck_38730aace405f2ae,0.99907966245651181
ck_5691cd6fdb6d8147,0.01785545412227494
ck_7dadef33f5e2d94f,0.97812926605290551
ck_278b36c5932d9bff,0.0018283044079561803
ck_6a892dd5d05c1649,0.0034780158366002605
ck_4a733aeb833406f4,0.0096275536043102985
ck_953bd5de48ccd70f,0.82559137396466942
ck_3db59982cbae4410,0.025120652581074109
ck_b8d210e741be186e,0.0018648314420068443
ck_7d6bff85e7a694bc,0.0017718400368291797
ck_be86a1db08dea456,0.005908109608886096
ck_f761b7650a0c1a85,0.012487656513908261
ck_de8494b13adeffb5,0.0049268530420088002
ck_f854fba8f4adae3d,0.022339029939003337
ck_b98e9c3ec6e7d1e7,0.0026736360053835197
ck_ccb72a33cc1877b7,0.0036216788859672277
ck_76997a33c3ea5107,0.00054816104232270027
ck_d00e09e66ed6458b,0.069619323689556936
ck_2bd96ddb8c323d63,0.99829287753917839
ck_f792586ad0381eac,0.012611875127957563
ck_1eeeee651e05d535,0.0099261295753811339
ck_fdf0c5b722d83464,0.016806944687243645
ck_a823f5bcb0e4b9df,0.00055836455000122132
ck_28f530aec8e77130,0.017091056299489604
ck_80b04344c98ec072,0.0086845458165247472
ck_97e56e6037024dff,0.0010956746465724304
ck_7c38ec898f0fc21d,0.0028131630203833422
ck_205c3405045bd835,0.0020551459918223621
ck_b456f62b80e21557,0.00042895900120071972
ck_1d6990d94a4d2ad6,0.0084163130534311067
ck_a574a08edaf81781,0.0031836083940080155
ck_c8f2a1dd8a6141a4,0.0010886449590829935
ck_51440f64f7250ad7,0.027831177734712349
ck_fa7de64d37287615,0.017888204816102739
ck_d07bfb16a4a7dac0,0.9489174665980189
ck_0d362ddb4a1cb6d4,0.0059004467687579516
ck_292f81186358b0fa,0.0057989422589795996
ck_d6e7e257751c299b,0.0018361017696112141
ck_1b5b75762f033462,0.0086699489485027158
ck_152671fbf8a9a78e,0.037978760207778267
ck_c0cf50eef030b401,0.00075479629134824323
ck_c1466b52c0a10b93,0.012422711432248976
ck_d208494cf5c90047,0.056225228528802552
ck_7fa947a0b1c1cf74,0.02292090290076548
ck_6cdac067cc4db5c5,0.059273009192894972
ck_e3894ed88a7977e4,0.0017957679934438892
ck_53f55c6e8cf2d432,0.0018436226756639088
ck_a2c3e82fab520483,0.011745018209599859
ck_519a26ecf3d29c90,0.0010819526635267311
ck_1a415416f620d49d,0.0012070359133109958
ck_c24b47184534cc2c,0.99321119019456228
ck_b2b63ea65edf1dde,0.027709332565203377
ck_482dea6eed92cbbc,0.0025568101516233411
ck_7297bff2b7fdcbc8,0.00049704297777740532
ck_9a21d183524734aa,0.028894288848133363
ck_95945f48453ca532,0.0095615976227163869
ck_6fc37dea4b4f35c6,0.044778434272480655
ck_afaf374009d3b248,0.0062808739243682531
ck_10de0b0d86b17839,0.003348471561870312
ck_142c00f9f8557504,0.013030090359700703
ck_c0133f60d39b2fb5,0.03718700417359172
ck_864a11202e19e812,0.06211210829849953
ck_3f943f20a9da9bff,0.025482076343361349
ck_7346e4f820d9c00a,0.97700703265330024
ck_9790138467a06223,0.0010406561898704163
ck_35b1939c48182a9a,0.0056381382477263082
ck_11f362dca2dfaf5a,0.016189290523558802
ck_ae0a7be6b0a0ea68,0.013568523889673334
ck_0af5b7d128035b35,0.0070331044135194375
ck_8d8226520722af78,0.020193682613848456
ck_de58ef6f9fe2b546,0.0044007843749522433
ck_0274d881d6db82c8,0.0061817947169534914
ck_c88fc1bac79fa6d3,0.028625038463667239
ck_826ee896c9f1144d,0.34096399355294826
ck_3b436cb29af99f3d,0.0078572966480131429
ck_6f8102f62c876cc9,0.017220449560363907
ck_20fad010969f1abf,0.0029403988063272228
ck_23aab322810b9fec,0.0039235561805931272
ck_4e329e29dfa743ea,0.11349622359900541
ck_2a7eba01ceba6c2c,0.1225236555909784
ck_9eb1da8cd35a50ce,0.0030148664841337229
ck_da1a2450219dcf19,0.034538536897874603
ck_3716c6181a5035bc,0.010265792425226074
ck_51fe0b613c076cbe,0.00476792555523174
ck_8584fea2df4c6317,0.033898185924847106
ck_ea623358f704daa7,0.054708779522309375
ck_ca491debd3b32a59,0.015660092194866315
ck_18c3a095606209e8,0.015782183299307383
ck_71db4131d7efe218,0.0033861495645366459
ck_a76e8d83b9141364,0.03178068054826106
ck_5d5ef9e75f65d076,0.0089218741302807981
ck_683af7b1540a0b22,0.020107945428702697
ck_e8d37262e859d9a1,0.0064773907149531422
ck_de5bb7a4d091386d,0.10489188381702116
ck_970c7dc195161272,0.00048269767151639406
ck_80a64a7f0275a71d,0.0077560515871081164
ck_04bd8a1ffaf3ffd8,0.00089629754368224029
ck_77e0589ab339ca66,0.0030626662163763469
ck_7baf1e55db0dc558,0.0051362737404792389
ck_f05f5e4b40afa52f,0.024557080923188829
ck_dddd14091ce812c2,0.0050363340341167536
ck_12c46bc52bf45b36,0.0099312140977189049
ck_740d8fe8028b5a2e,0.0039936914615789302
ck_cf78169633a1600f,0.00064513891261255558
ck_1a3fd2cc4b4de196,0.0041502424103204956
ck_f4fe78e249092ab1,0.015371869139757058
ck_966901ea9c77cc02,0.0034737525967587575
ck_f9fc468915afe49c,0.0096480569975787179
ck_af3f74b1d75a5d95,0.01443399797884041
ck_af70aa32c009c3c9,0.0064722800908162629
ck_da645ea91d66aa6f,0.14195755847844452
ck_e15e3390f5ed45f3,0.0030819573057749173
ck_5f87eb05d18186c0,0.0052466726083008281
ck_a61a879dd46fc9f2,0.017017690965106202
ck_024dcab126876002,0.0063706126089734935
ck_819b482bca14c068,0.67618765391823132
ck_15220e78d1545e40,0.0048382359319661308
ck_2ca0020038bfec58,0.087853507343804857
ck_fb00dd5021642507,0.010278791116562672
ck_2737a72de6b700f3,0.038457791396590252
ck_263334d722ecbc97,0.33412528822893578
ck_ba1f6dd43fc8a0b1,0.0028974451931537389
ck_5a22cb36d612236e,0.0052402576376587261
ck_d86ccf148c06c8c8,0.020095937048105805
ck_60b023af6d1e30bf,0.67852512541107657
ck_1c8b94efe9238f5b,0.0017856299653400205
ck_0284dc2b4f856b3a,0.25610214012533955
ck_72e550559487b919,0.0026690615858769909
ck_7e73e1d44ce82ed9,0.011669896669706123
ck_f8dc8473c2772729,0.027701467320500404
ck_4596624a7c01d501,0.026744899231551263
ck_04e89fbd739243fa,0.00091801021182863344
ck_6149ffaf18872dc8,0.0011546792030714694
ck_e0171f91cb3411fe,0.011101766477708093
ck_1ecd5516c92caa4f,0.00054554682190088724
ck_21e3b3bd998745e5,0.048102937284974362
ck_05ed92a7c3e10e5d,0.011654913119425663
ck_d6fb9cc5171e3e9b,0.85384226923827555
ck_f0cf85b67a9b840f,0.020028820018710744
ck_c58bafff7b1955cc,0.0099784235712534232
ck_06280e6d6d2485b0,0.0058115514295788142
ck_99d3983f907828bf,0.0013329769764179353
ck_05ea4440dac6cfad,0.0086529684299268377
ck_5eec9ed855c26000,0.0012211083548943225
ck_5ab39bdc9610f6f3,0.29830164642214263
ck_c35d444e05799db6,0.027812837300015873
ck_87cce4126e215153,0.01036416634789167
ck_713649668a7ca824,0.002479241144637464
ck_0b0c93039f987abc,0.0026556478295992163
ck_6d07d6d1bd227d37,0.14496726237259105
ck_e00e82a9419ff086,0.011920870157678237
ck_eaf3b6d11bc3cb11,0.001515724441575481
ck_2bb7c17168a9d17d,0.0093299736343851764
ck_416f7ac57da081a3,0.007122289720992497
ck_b60de9e97aad9e45,0.97502763683471438
ck_7973edc9f22ee7b6,0.014214022037420589
ck_8452b6cf97c65a5e,0.006207667143636084
ck_6fb39b60c67d5475,0.001693572869647443
ck_785fa45e86bc5e95,0.011649529899866092
ck_3eba1fd2c7acc4c0,0.28801634259629971
ck_c10c8bcf5bcd516e,0.050935405905799751
ck_2825e34dd3e7ea2a,0.0013221798663825501
ck_67f3794d93e2dd67,0.20545260892778489
ck_9cbd9ecf8374f65f,0.0090418311191117831
ck_32246c62640648d9,0.00054439321631151666
ck_f301f6758e170d66,0.010679625658266067
ck_885a83975cea5e64,0.0061621082711242154
ck_0d2901bfe585c391,0.14780200452960987
ck_52453401f88935da,0.019226939507386468
ck_f9d481aa4f9b2808,0.72613068590282326
ck_18c179b4afc4fccc,0.0038569540040053894
ck_a477654d34783e06,0.0015360858396719114
ck_7310cda3bc65a73f,0.0046374641463108723
ck_c20e89afe575549b,0.0018928914975656571
ck_668ec61c4c39cae3,0.00083851328784221365
ck_fc2cb29918631f10,0.047964118385552652
ck_15ce50f2704227be,0.0067870538851450392
ck_0c533ff2d0f9962a,0.0094202610838246235
ck_5881b174e49b04ee,0.0015764324288625583
ck_371bd9388b287677,0.00066061015189300615
ck_91a16336ce3217dc,0.017963077406998471
ck_a760d38d1bc4de97,0.0011047058533736711
ck_a9dded7f6294e44f,0.014240298006207054
ck_c8a03c516ed5b05c,0.010236969531057481
ck_25bfca1d8eaa152d,0.0063710888237227025
ck_191673540d8486af,0.01146615482200331
ck_82eed68d05a42128,0.011664059312856875
ck_24b0803447211bf3,0.0042962253471581233
ck_023908db0a193076,0.06560011872583503
ck_aca35dbcb835ad02,0.020711186651776722
ck_248b3659a9239240,0.004148283712986066
ck_a51abde881ebeff3,0.029698642464414587
ck_db9b9d5d30f74070,0.10762940281419642
ck_8b3401b44aaae728,0.0026938816004637408
ck_0841a5c24fd3dd28,0.014529043226800199
ck_541b6ad5d2fa5a39,0.025015353643703955
ck_16c7bf94ed3e7a6f,0.00071361221297857095
ck_c82897ebffb6ae66,0.0031006299319798749
ck_b4a6bb4689cd7cfa,0.007723013954432166
ck_7c4f42c5397113b0,0.010553452116779284
ck_73f124f075ede0fc,0.0090165502573510171
ck_7584e7bd755cb28a,0.0043092755162181867
ck_9f792e7e721ff7f1,0.0012189877282954061
ck_c735b643d3cbf67b,0.0046409218588378863
ck_58bb02d98e2b9cd5,0.011014022452218756
ck_0d65bc749eb42710,0.00334305328115305
ck_6c33cb15b0d8af54,0.005588616791883245
ck_c7f6f45710bc050f,0.0035536820391970894
ck_aefa0d8d933e0eca,0.012554362374648543
ck_c1ee56d65a42f59f,0.011832592885539043
ck_66147fb994495396,0.10886564432788738
ck_06e73afdec26aecc,0.12890716469267482
ck_9fb8e3d38cdf276d,0.97654621801000085
ck_ff3998d6858daa21,0.00058708769087284518
ck_7f188aaa63d1d442,0.0025524172846382578
ck_c7d444d90fa86d7c,0.47896594182514934
ck_d68d42858a55adff,0.018613923898944222
ck_fa7d5be26bf7b31c,0.16469212454819857
ck_352657008983fd4b,0.013605397842276289
ck_7476e7fe1ff45545,0.015522258288996931
ck_41406cfa209b6bda,0.0032928553580823254
ck_475ebccca25e30d1,0.011656988798817457
ck_49ccc3716a564256,0.00279312409017036
ck_04470bc93b8a0d71,0.01239158696302776
ck_084cd84501012218,0.31608622883746312
ck_684609767df4a14b,0.019293486271057689
ck_3e4d02a04be2aaf8,0.015479610356602442
ck_f01af1b0c977cc06,0.0027443896910148862
ck_027614eeba8b1a4b,0.0066286238514048782
ck_0f743bd13373748e,0.037536747382178652
ck_399b0d510be98bd2,0.015070559400708816
ck_ca4465f2b5c1a52e,0.99748112480244655
ck_2a59f23fc5194699,0.024445327992301036
ck_243c18dbf150831c,0.0022221268887181278
ck_88d9244a9cf7a77e,0.93536650473196503
ck_1ba28fb7ef726ce2,0.0035562395931994155
ck_786f079389126e44,0.014436839390638428
ck_4f01f7eac0efaba5,0.0024037182273453127
ck_47d29c01b20cf69f,0.0048194141593981372
ck_07a5610ed28162fb,0.0083161921153626899
ck_57b8226610b48854,0.0067706939352879976
ck_c6fff412f531db0f,0.00055826726755537129
ck_bac6dadf428eaea9,0.0088466532637488833
ck_e37196b20968b73c,0.013431901855548042
ck_12631b78f8a03df2,0.0011297704352044443
ck_2c6b174b063ec637,0.0045500344251583344
ck_af559f990c640e41,0.010412160499002746
ck_e7a3881c3e36bd51,0.11677173034278712
ck_5839f5cbd8165b1e,0.010440592954876799
ck_67858bc00e81490d,0.00056461912512478167
ck_4737e0d56c6fa0a1,0.025811926744598975
ck_93e0d6befb67f7a1,0.027141004600952479
ck_2e315f1b1e533dab,0.0021653002924860989
ck_af32a0660090dd68,0.0096909470274864316
ck_ede2e887697ffac0,0.00079841716235458469
ck_f48acb73a5d6af07,0.049577860873780522
ck_756d2c13d02b3e09,0.0072858017362019264
ck_96fb9bf556842bbc,0.0083590716480503088
ck_916784595f028226,0.027882041550034251
ck_20c99b645f462449,0.0016124140190796469
ck_9863bff41d24ce9b,0.0035272858930778085
ck_5009a6c8bbaf15ba,0.026368740893665157
ck_a821980ac4db9943,0.28621549174174771
ck_e6de67c0d82a7b83,0.010761851424038368
ck_752dd3d2487f78ea,0.0047299132502752542
ck_9652283c9f61fcec,0.00054874457007422751
ck_ff8059ae5fa5f1ee,0.0014678208479603613
ck_fc4a43f8876bf10f,0.043516915282801202
ck_a9aa5c344c315532,0.012575279930131579
ck_8e2b2251ee224aa4,0.0026726356987444985
ck_3a47e3f54475e854,0.0021481349508154193
ck_51bd5f69b4fe0b92,0.97107750372550039
ck_d52432ed597f3cc9,0.00089398171121324213
ck_04fb61e5739642f8,0.035530830514423704
ck_fc3d95030b81f416,0.00051924034466452025
ck_1906f0dfaf6e9bad,0.33886173357367017
ck_66cfc1ebc9a513c8,0.0018360817428696792
ck_1411a80a157ff39c,0.0099203954710870516
ck_9b436162039a77d0,0.015512901649731849
ck_b9485218cef413f0,0.002015324726992332
ck_b62f5144db15ad34,0.014300321219861805
ck_5dcd443fe0bbdeac,0.0011711703244895867
ck_b7dd681eb3d2ee38,0.0022177208316605879
ck_bd21164bd2bbb635,0.019155086696475573
ck_e6222925762273b8,0.023689628894461572
ck_bfecad7586f65e4d,0.0087398393832420693
ck_aa9953c0ca2bed7b,0.00030069171878599243
ck_bea56db7f3e930e8,0.0028288603345275145
ck_e40a156511345d6a,0.00028998281582281636
ck_03f6664a96de7d0f,0.0079067584653669549
ck_1a319e509f1efa1a,0.0016997509849876991
ck_7a52674e2806d8f5,0.020894521582593535
ck_ec4dd3675a8d28cc,0.010394894569482005
ck_dce1fb3acd65562f,0.00069440844090722684
ck_abb9d65ff1f95b64,0.024568304595869613
ck_aaa9861c91bd14dd,0.0061336966920909784
ck_2cbc2f93a32eede8,0.017634866208613167
ck_f2d3e3d90608596d,0.50236347276846915
ck_127273af97d7827d,0.0013161478428173848
ck_a6def1e4b2d57e0d,0.019555138526079249
ck_96247fee0eb44420,0.0030567904410610364
ck_5517b9a865960542,0.0011277942444072641
ck_37176850ed68831e,0.0015758950958651931
ck_ae416325fef92c9d,0.920508215754129
ck_f285e5e1912a7c62,0.0022184952242354939
ck_368b65fca69fc415,0.038994567552986845
ck_9a36916b60178ded,0.86719788182417545
ck_4a0eae220a762ac5,0.025430813821289141
ck_e9b0bca7368555ef,0.0029251472899392388
ck_da1c853b0a061e83,0.0090881415485675864
ck_58412a2674fea506,0.010638364446474336
ck_9ab42875a0f95b43,0.018677418263202728
ck_affa5aa0bff9bb0c,0.00660376453094108
ck_d27a73596b6500c2,0.0077871497166649073
ck_2d963f9b2c4d11e1,0.025663496201727851
ck_dc16f939c2f44ad8,0.040517945614863743
ck_97c38e7f61c27e47,0.0047469264390408985
ck_861d8e3d88f1079e,0.036086482927403331
ck_819988d8a7f26415,0.0029427984818297635
ck_5e021f2a3b66e256,0.021312692384254699
ck_0428728df24cdab4,0.0013127031935150437
ck_780738e0d71e7e43,0.0033817360450413294
ck_5fed957287ebca03,0.00086575715142224788
ck_bc19c383560c7477,0.0068907210106121889
ck_b1befe967f7a5ebf,0.023402878430057891
ck_73a54b56a2bf35fe,0.93261203102796875
ck_60bf8a2870956fb1,0.0054091350780275469
ck_6a0ccd7357979f0f,0.1579494249439142
ck_6b255bf68709109a,0.0026242176017109453
ck_2cb3c99845e572da,0.0041098246960957902
ck_c9e1e3229baae708,0.0065554828313912576
ck_1a4bb7d3d2ee3227,0.0080155398313361461
ck_c7e07ebfb0bc15f6,0.04450495123074117
ck_4bb90a61c21a303b,0.0059335794244776436
ck_3ade9eac7d7b0dbf,0.076105869623120839
ck_8171ef803f5ff604,0.0052254024785585709
ck_4859a58629622915,0.012802909787492068
ck_20124c3a16c53ce4,0.016957412066332243
ck_dd3feb77d7d4f6d3,0.00058605122116932339
ck_ed0c4a83701ca230,0.0070645201803475532
ck_982ebb24174a4ade,0.0027756334954546027
ck_deb3ac0606d6f6db,0.0079163264103712695
ck_e666629e5a41b39b,0.0073402103929657309
ck_1a9d6190c57ea7e2,0.30623003924945602
ck_527550dd15f38782,0.029370024885361647
ck_480347ad92037105,0.0083405458142236117
ck_00b9818e2064405e,0.023986362689803864
ck_b53281da70defcfa,0.0084055657320098367
ck_3f090fc96c24eb28,0.0013381806356279314
ck_3d9afd862b3f4053,0.18174007521615973
ck_9bf3ce30b65f75c7,0.051696976076703073
ck_2d5a6b6636a2596b,0.0014203123031794975
ck_9a4967cdf49265cd,0.073119061467761065
ck_69691226c68fd50b,0.057672234058357225
ck_1b1efbd9c0964c8d,0.021328565500325341
ck_78bc3f1d0f35ea6c,0.010053273992076291
ck_d288b77d1e227970,0.018399116509410736
ck_017208fcc01b5d40,0.00723750564497123
ck_8b3b874249adece9,0.011475662880454141
ck_49ab879b5aa7fccd,0.148528101290895
ck_b3ce8f1bcedfa043,0.0075421494027432638
ck_7e3923d278a5106e,0.0064901130385742996
ck_e05e91cc180063d4,0.090003891905737987
ck_ba666a425930615a,0.0016170603154066349
ck_a8382d8345f21e1e,0.0014177232507154918
ck_3dee83fa2d109484,0.0010463045769777048
ck_2d177b2f4f0b40c9,0.081657592532520515
ck_40140bef4db73741,0.0045059263378911573
ck_22c862a496008c96,0.99780709710634319
ck_aa42976a31cb7770,0.0032908845338628623
ck_782b0be796164335,0.0023559157381155649
ck_5f864d72d1eead99,0.029091255761038173
ck_0ada6fed1864e7c4,0.013929103465126911
ck_7878545739af0a73,0.0032335520535335645
ck_ab973888c20c9120,0.025411140746336717
ck_1ae460f331e49ae2,0.0046380439409621794
ck_509c22828d467ba3,0.019191174766153847
ck_24dae044dc05f849,0.025522261178368286
ck_2b8f33e22f939372,0.69423766604903203
ck_6a01c375fc26705a,0.00092037927810079741
ck_ae96d35465b3b4bd,0.0027422828740430415
ck_512ebe97c0af94dd,0.2381941028114323
ck_5af9934a56801ac0,0.0028075461514877873
ck_fc7445ec76389a58,0.45210585879421733
ck_b8266dcd90cbfa62,0.001534456394057112
ck_884b2e463ff1d54f,0.0049481927937985422
ck_95aff1fe27fb24bb,0.0066982255240200586
ck_7bc752ae7cf5d55f,0.005279282668123028
ck_57b3fee69bdf85e8,0.002360577231853163
ck_ef0d702d7b0ed745,0.0012903875164061971
ck_212380e0371d8a6d,0.013462727420729627
ck_2b90b76cf4d162f9,0.017965980680460326
ck_87771861e0447210,0.035339201187732074
ck_21fe7bc59dcd78fb,0.0011202659069760583
ck_fc0cc4b25e6a8194,0.0042546008691641789
ck_e7a530e09d113dd7,0.02559861238113444
ck_3f94a34f5038f7c1,0.95425208021220564
ck_124565a11b2f8bb8,0.0047234105676995436
ck_38ba4a6b6a292054,0.030255649816061835
ck_6a4981bc721df37a,0.016378844159069646
ck_4672167d7c989bbf,0.048396057245571021
ck_817926b449754917,0.0037159879437456762
ck_54c2604c9ca6256b,0.014369289913449631
ck_0302f67d75973dce,0.021599727857942692
ck_9a6a1f8102febfca,0.027141731236834728
ck_7f1c20319eb60aa6,0.99905877408953747
ck_a86cd653472eccbc,0.0023593154615275591
ck_02028b72f26fe855,0.0067231605480891285
ck_4108b4038f762817,0.5265556733302893
ck_63356762d24aab81,0.0088086359995343359
ck_5e3bc76eddbdb0a6,0.0058814413346322146
ck_7f3685aa2933b251,0.035945297491617956
ck_3b92a46daf8d00d2,0.0065113564694070578
ck_f1d8a2695a575e56,0.0035574481644651532
ck_0324a4812ec319c6,0.003571713641465028
ck_5c36c78b7a4d138c,0.02704999812554091
ck_9b6282e3bad50710,0.01403859557533787
ck_7373d7b04c7799bd,0.013575480140596903
ck_0b0e79d33e50cba5,0.0017897044957961173
ck_f3c16d8f747db046,0.080318070238224015
ck_839ce35819bfa4fc,0.00084986887176535201
ck_275386782b1606f8,0.00276271523164665
ck_4e9fba1ec54c3ff8,0.0081457706307034496
ck_4b041217690fca2f,0.026473715515821908
ck_a59e90219939a1f0,0.0018192088374544987
ck_a9c2cdc758df8510,0.027160665789394751
ck_720cd658d11ea428,0.027604232186852685
ck_fdeaa1cd085691f0,0.025357610395366898
ck_2bb1389e5e72c8f4,0.015719405344961402
ck_5de33a7a87e9aa62,0.01626186891747454
ck_f7a07283345a0dce,0.0076247521781054222
ck_c375e929becde422,0.0050076091137363247
ck_c84ef83489badbfd,0.011098405184365554
ck_cc3318839c4b0745,0.0025605769540403352
ck_279a1d3a3836e5cc,0.020663719386041432
ck_7977135c2ff61e92,0.0092158518434208199
ck_6a1ff9d69466181c,0.99878026477695003
ck_e1ff9e31becc27ae,0.018090182098342872
ck_a13fee8cd925d0dc,0.0048647689185521885
ck_b170a7db522a0d6f,0.0059482378492390648
ck_8d38747058d0aeea,0.72358183837157164
ck_18116d0ac08f1996,0.87496419739347231
ck_2210f7a0d13bdbef,0.019479074107538848
ck_1af547077ba2dd03,0.11501823656487066
ck_516163fcf04d5e77,0.004325766227519014
ck_8b39d8aacfdd72b4,0.024339885896071028
ck_d39b0152116203be,0.011664021978369505
ck_ed33f8a937f9c7c8,0.0069755432579490673
ck_ea1e5b5128ecba2c,0.0030026493894847349
ck_8247f008a14bd1a2,0.0024086896687510332
ck_3d6046a533057795,0.00085024860929914093
ck_0bf2e13b9f2601ac,0.014126438873328174
ck_f4de03f44e3a5bd5,0.0035462045961619408
ck_3ba3fa5387bacee8,0.00051143406815198997
ck_8f604fa70fc3c8e3,0.0040819352162969535
ck_64f3bb17101b7c42,0.010021992879686052
ck_a4e6fc391b674335,0.90168877072288345
ck_79b6a86830156b5a,0.010681511918621085
ck_d74123617f22a21e,0.0048542512057952198
ck_9dbe184e81c1ca8d,0.071262551495203275
ck_de2924955926d046,0.018901376162152195
ck_e556c4d36aadbe03,0.0013511014930688908
ck_e37cee7b123692af,0.015929502363077285
ck_c50fed2a7c9198c0,0.010823026580190036
ck_5647030283171ed5,0.56332001382183539
ck_d4972a775aadbbc8,0.0023059947761701056
ck_ce5ed372b1a2ed6b,0.018616915012794995
ck_3eb6146c262e0fc3,0.00083040801478718594
ck_53816231f3ffb48d,0.0025719420232708317
ck_afb23858a4ef42ed,0.90008484455945881
ck_3882423b449f6291,0.98470094319493862
ck_79b235d51718435d,0.0086525173025362428
ck_298278a9da874437,0.0052737666317866673
ck_32f632706608859e,0.0027134233788695689
ck_3638bc3388dbc1bc,0.32160623499975782
ck_ac7cdb9b8da7b5dd,0.011326224973023997
ck_7d025dea5951cba7,0.003486476184193764
ck_f06d00a4f9c87d80,0.0010088763107829932
ck_d9c2622cb6df380b,0.021165813304940891
ck_d4ec44760cbe03f4,0.0092958700793009923
ck_c1d05ef0ec6e4be7,0.0072083208283554483
ck_5abe57dfff4b735c,0.002794464454119351
ck_53cddfba570b4a3b,0.0058653394885904431
ck_7c500e219af39486,0.0015065152516144265
ck_3bece63711407e25,0.016850876427772964
ck_8ff1e6028e764472,0.9513398775077444
ck_8c346eeefa9ce692,0.0073511414595649393
ck_d840db8cfe2ef6f1,0.0012393066967148552
ck_cc6d33890d47a6cf,0.033427781369241669
ck_2ab28149b0986642,0.065401875323083045
ck_4ad5937bef176d89,0.0019308085138961064
ck_645f15bbbcff3b4f,0.9963668027561472
ck_aba32acb61c1aaca,0.053017391121434325
ck_26de14b96bdad4f6,0.0097892490222569115
ck_ab80466ef615e85c,0.00068993250613498406
ck_ba93cb604f792915,0.030580738456198017
ck_3830c58d841e9e69,0.46711665300080896
ck_1d5d74169cf892ef,0.0094808452841992855
ck_eb2323215ff70362,0.073584761132864815
ck_6775e387dace7525,0.021636601995286168
ck_0ea30eff5f361cba,0.011264759401772706
ck_cc5a35175d381d5a,0.009223200506087428
ck_e14681aad43e1a72,0.0082734330784591508
ck_3222ea25aa29bfa6,0.0010660699843037409
ck_f6c42001b84a10cb,0.021710644121618536
ck_3753cc5b9d02e2fd,0.0020207386597357537
ck_eaf6f7082c3db2bf,0.034797174928411397
ck_a9ffd6b3957bd41e,0.0031116461322529747
ck_558a82590f65df69,0.00060809858721433451
ck_7ec423cb56257516,0.0055664944046996939
ck_b3867f7f494db64c,0.00083875957419684124
ck_3c9a06eb07c300e4,0.0011591100773524887
ck_d960af7a55b892b1,0.005667372095936301
ck_3d83e0a3c1cfbf8b,0.0048255964582687282
ck_34ed59bc2c9b0186,0.0013539008456222728
ck_4136b00924695ab4,0.00017243680831624807
ck_c802cf8f61466027,0.0017366961208876372
ck_de436e7b319be1fa,0.99687163638183451
ck_91081be0254878a5,0.016260235500522031
ck_ec2eee6a133e9a6f,0.051519713731267576
ck_81429c4910ca46cd,0.0017591961117138909
ck_80ad4396e1084c68,0.0077313629562075561
ck_11667f5b9fac7bc7,0.00048570363598515249
ck_7367917891a63771,0.018329343586524403
ck_f908b527c4db422d,0.020535222525186841
ck_2329cc9702cdf7a0,0.014294541553527036
ck_6573c4947cc8607e,0.080108629407789608
ck_ebcb93a2990fc914,0.035883541496599287
ck_7a1782cefe26a456,0.01746220983789367
ck_ee3e7c9d3a9c74b4,0.015865604699258812
ck_720776a46e56dfa8,0.0055707758943281992
ck_bc8f31f4a2ffa1ae,0.0013026458569199331
ck_0cd8802264e0a1ef,0.0052071536235525923
ck_c0d2c56f9c722e99,0.99485828281176836
ck_8c949bdc6e8720fa,0.015577342687232494
ck_0ada63008be5685a,0.0098676793503090325
ck_a3f821bdf408c326,0.002644134089031656
ck_de13de941bebc7cf,0.00037244474250759392
ck_fc8cd8a8209e802d,0.0079185647889880324
ck_181f3dae03b87136,0.010427443348663792
ck_ecaa6f13304e3dc5,0.00068003036021788241
ck_e06f6fed020ae014,0.005166722750490022
ck_2c041b1efb1c5063,0.005458028453104868
ck_8abd1a50a9227463,0.025538961643297563
ck_8ef1d05cc1e53e7e,0.037147126543761892
ck_4637e54a9f79e2e7,0.0020834591353283516
ck_e8bc49e6494c1f37,0.0014473916548475082
ck_11f9390a11ce9ff5,0.025424724364073593
ck_15b4840922195ffd,0.0073225953491584724
ck_6bcfa37c717f19f1,0.014187883887183414
ck_efb24be983342f75,0.0024999034428007556
ck_5b137d74bba6b1b4,0.0006969308249210398
ck_295c0072eca7f7a2,0.0023464536710839463
ck_4af7b97c24d89a45,0.03174890417133646
ck_fa0ecbcf9a33d6ce,0.0033327944978136011
ck_da84a0dfe947fd3c,0.015117943725365183
ck_3e3c64b3b7876ce6,0.010004723884809642
ck_da2729307af06ed5,0.012553498263403779
ck_74d0e7c2c6b63d36,0.66710630150636252
ck_c478aae3031bb328,0.0033217641067756795
ck_cf301f2194975866,0.0078585761157606033
ck_086d29ccae565e5d,0.0019192873403218007
ck_34a33ffe8339f66d,0.85247944342137294
ck_e57c79eaab35ded7,0.0021935577004470342
ck_4940e78cbdcfecf3,0.004482762539803611
ck_578f67e69e5d2cfd,0.004520821811771011
ck_c767fc454fa215d0,0.0018454155020734898
ck_5d644224135d7c65,0.0059758378141119986
ck_e78ab4ff52b5fd2d,0.0049448937758318533
ck_51efdd240e34c642,0.026839074739767998
ck_c39c6a1453e2b92c,0.00044358592435065448
ck_b080ff636932d1f1,0.0007039215953548682
ck_5c8390017fabfaef,0.0075056179451015864
ck_61176dafb33b2d8a,0.21059379137788647
ck_fc6fed6ea96a004a,0.0044410840411636928
ck_3e2516a3e35067e0,0.0029293059765288804
ck_17a95bba77217d85,0.023258160014470709
ck_1ffbce3a239bb264,0.0032517121805553176
ck_7f960541e5174565,0.0032325448742186826
ck_9b1c3742dd6fcb8b,0.018454685587788393
ck_d5458ba39ae94498,0.018982662904201076
ck_0a921a73a90c2e39,0.01754457704847048
ck_293581d879f6663b,0.8818949235117669
ck_03e904682dc73bba,0.0074528356390393341
ck_4f490e379e9ded9a,0.0011849279963575166
ck_9b9ce7bebc235fe8,0.0019986413606616358
ck_a4a42d4bff8af645,0.0017529912248433932
ck_b046067c6ca3831e,0.019045187154575465
ck_bc7ece8787ca7200,0.0025867575373408947
ck_2c5bc11bb7ae5d2c,0.99232068583281219
ck_b74b9ba6d7c9aab7,0.025946295924247208
ck_91d48d69e4f5d9c2,0.0030436662906774847
ck_1a71f8081ae00190,0.99854997555140512
ck_38ba64efa7c38250,0.02787965508793951
ck_1a6ddfeef82b1b1a,0.010718757212895653
ck_c4402ea6291df271,0.026523730918383719
ck_478d2667aa9896d9,0.014655339542757294
ck_c9490cb61aff5112,0.020690964179572603
ck_88f27ab479063852,0.018328536116787877
ck_b7793edca26fc512,0.008068306297188842
ck_f88028c3f306bc70,0.015868620733041374
ck_e8a6acea22b20312,0.12563661963799569
ck_c8b7f241810b45e5,0.00072239285621381987
ck_2408db62e4395ccd,0.010382816408142533
ck_bcdbf57d98dc0d27,0.039616281762440038
ck_b3225a98acd04f83,0.0041066331297744743
ck_35694db37f0cde7a,0.0004448171263835259
ck_87d55ca333f22072,0.00067657203934523558
ck_ccc917533d4b73d4,0.0085511338634756771
ck_0c5ba86f4e05b38d,0.01372884232923709
ck_8740a14d8096c6e1,0.010914322689424539
ck_17ab24fe914ae44b,0.0012476749979103427
ck_3b963d6be2773861,0.004538246095394014
ck_c183dff3781746cb,0.14208336541361047
ck_7336611650dcc088,0.0028132320906094186
ck_c817259019588d30,0.0066813479406945004
ck_d39864119cdd460f,0.0058943726699594735
ck_463ae759e2b6ad1d,0.0096947314321320921
ck_e560f720a988d8a2,0.90205842413364368
ck_72dd0dbdf808cb00,0.059722107954046491
ck_32bb42f9bff197f8,0.0054809929913439571
ck_70bef9ddd4bab005,0.00068310537242474007
ck_4b15b0746318cf42,0.061720220291506686
ck_39a68c55a1bd3ace,0.12562449599479505
ck_4c76efcc1ee6762d,0.011790881422661775
ck_79f5198f0decef20,0.0024932332739069853
ck_f655399ac75c4450,0.0071222049682262431
ck_24b53090faf722cf,0.0036282850254154529
ck_11cb98211b2ed134,0.97613154897042076
ck_3534be0f4efd313c,0.037876779668348536
ck_28d2003c2d16e4b6,0.00056447677933067796
ck_d3796aebda1cfed5,0.9532257916696999
ck_a3a0bd59729fe619,0.0028898749703120171
ck_8ddaf745bbb9cd62,0.0011156289110417399
ck_fa24db9d416ab904,0.0019571882422882592
ck_493b6256091014cd,0.10491331699579706
ck_57a6b56b09bff24e,0.0065272102490733222
ck_a2245822cfea997d,0.001805385347996719
ck_92f6ebc11ebca89b,0.041993663155683189
ck_fbf630c960194033,0.00561241834245627
ck_1c17c65804f8889e,0.0071581345046852858
ck_00ff7389d6a83e29,0.012029956494569735
ck_bdd8eba728800e29,0.027308376397818395
ck_0525349f3945375b,0.028070841787704807
ck_d1b0699d26282871,0.019303342288020942
ck_a678731156ad7bd2,0.11595246881425286
ck_011551a596544f5d,0.0017692316886854225
ck_0bfe62e0c7eab9c9,0.0063030948097042207
ck_e5ee006ecd8ff661,0.04078377951854506
ck_e2374c7136c964fd,0.018215459221982807
ck_af528d66c86f0cb8,0.0028146697204770267
ck_5448c946cc4758fe,0.0072188081312594991
ck_37d3e5c681a2214d,0.10426497743210425
ck_fca478361870a4ca,0.0038418955152859481
ck_fb44d15fb93a7157,0.013238698416449285
ck_0e8f26536ccc8947,0.025427261480590595
ck_6768c4b2aa8ce586,0.0071542802085589668
ck_6a548da1728b5823,0.88345665701809162
ck_0e7bf10ef49aa818,0.06608121824683981
ck_f2c824d3473db24c,0.01305061285159744
ck_d9ffca35188e49d8,0.0086343799161616112
ck_3db73bbe03c3d240,0.00063177760417527787
ck_899f88464305824a,0.017374782163125237
ck_148c28df51bba5e9,0.88262454336182217
ck_7955a359b6448799,0.0013264333980397656
ck_8c748aaa4a4554f9,0.010142160728754818
ck_fba15647b3a140d9,0.0093819773136822274
ck_c2fc0ac460786d02,0.034935116110025151
ck_e42206e91f6a1752,0.00095375614472764149
ck_8c136dc691e65695,0.00033265322199929848
ck_8c0955dad13c3ca1,0.0027990307020819283
ck_6d4cd2de601a2308,0.0050123409112351669
ck_76ea90ebc74bcdc7,0.0089321775893244724
ck_734f06bd4aa92781,0.0049075054996751671
ck_41af3729590c2484,0.0089901737610064165
ck_e63256667aa19070,0.021368621904300153
ck_1b2ce474fa6582b4,0.040008038088643706
ck_c8131ddc7ed33448,0.0025147437342379619
ck_33ecff7914349ebc,0.0059870775231320901
ck_36287d063350ce9d,0.0023625559062550334
ck_956dd784525f5886,0.016460289469946432
ck_ba7b78d31d74c794,0.010750675910799475
ck_5bea0e0ee0b094cd,0.0029927529478189271
ck_d6a4faadab58a3de,0.003079335594935896
ck_bdb966f43ac350ee,0.02175898001869905
ck_3fa559c679751b3a,0.010022720744261747
ck_7ef019ed77276496,0.0010580294172738876
ck_0e6046fc30f81705,0.0056491941527232192
ck_53aca610e20598bc,0.0045095085780256757
ck_5275be4e1577c1c7,0.0064670892051182458
ck_43948784650bb9ac,0.015780402042959909
ck_5c87eea1cc07cc92,0.017408959947812858
ck_5f445182829ef342,0.024096402935782735
ck_cc81dbc83a8879fd,0.0025796046023574019
ck_68ef3e7301c621b7,0.010031368777803716
ck_e988c108754cee9c,0.006837229079616731
ck_3327a0582407068b,0.0063405995173523326
ck_e1d563fab4d6116a,0.0052465373626556606
ck_588f6e6a6a6d93e8,0.011985290489687104
ck_723b4afc388113c8,0.0019374272507302324
ck_240f7f894c5a86e7,0.0036510440210354971
ck_ab553954435e8854,0.99516678478687137
ck_78cd402a2a4f2e35,0.0023441911635592306
ck_09054e97bdf9624e,0.00068635731800440153
ck_303b33910d67f306,0.0013697072868306549
ck_74e9747954a46eaa,0.0069399921464421421
ck_b56c62c950eda009,0.0014684081774593242
ck_58f757e40a9b8877,0.014090216167525536
ck_45a16ce12893cf9b,0.0043074205974018964
ck_3272c2c4a37d5220,0.85495929541045124
ck_9cb89cc3178e0172,0.02769842087412356
ck_c5d62b2b7a6f3bac,0.9379966004835476
ck_0dd417fcbf19e424,0.012145289597372778
ck_5379452a9d74efae,0.0019867467883354565
ck_344a95cb7115ec67,0.0031228222846399387
ck_6f9fd15ac6b163de,0.0017401677761908225
ck_173e1198c341087b,0.0020390361664835537
ck_9994323f97109f4b,0.97620579032288912
ck_05f375fc8ae0afb0,0.011737614669357894
ck_d328db1e1052d820,0.0075868285929562634
ck_70396398e4a96449,0.0039272839015099025
ck_61b067de8ffc1ca1,0.013444570556706465
ck_87809324c2675b0a,0.016763330704890805
ck_27cdf9c5e6f0915b,0.0096647744081582304
ck_5b8fc4a76f340797,0.022871890312199324
ck_a44462a3853ac67e,0.9946172566778777
ck_466a7316eaf149b1,0.018952889488087266
ck_d35c51e981b98c5c,0.010179863538250473
ck_99c0004d8b7079f8,0.0051077394780592181
ck_8a8f81bf3558fd9c,0.0023778796487031518
ck_b4dcebc543deaafb,0.013654688548879319
ck_7158ad9e58769ffa,0.060305812537682475
ck_3c02d4dbbf6716b6,0.0085394035865755027
ck_41ef7967faf5ce82,0.00058691870347607196
ck_a7c1dabf3869772f,0.030943058059184101
ck_77d9f86dcf251739,0.0096292409209437404
ck_02903c48b6cfd65d,0.0020658510140171126
ck_b45e47c39d4dc7bf,0.015865247153411349
ck_e55e5bdfc0242aef,0.0061254768310871873
ck_ae20e28f9854f3ee,0.010671666297430707
ck_9e65a8a2f587691a,0.0071986127858587557
ck_dceabbe04d99afc2,0.00028682634343902332
ck_837be8126bb19250,0.0015352400797419717
ck_c05737ab74cf03c6,0.055640370067168488
ck_2cdf5fd97ba75e06,0.073910760208378529
ck_97b8e05d62abdc14,0.0085279768211399369
ck_7df9910af2bba21b,0.0014396027890081124
ck_850e2b59bc535490,0.019848048157049797
ck_978c21bb5fe3171e,0.02915037042115004
ck_d654449f9231ad76,0.007038727983878881
ck_e136e20c1c74fe38,0.010741832777017327
ck_2fe6cac002142f67,0.022896554470065118
ck_8432ccec1a4ec7fd,0.99639907347884993
ck_95e4bef65c36af1a,0.00095200731178563599
ck_a725d7aed2a0bdc2,0.00072901698107740321
ck_9b9d9e579e7b55b2,0.045244781726332749
ck_ea4332c8fe48e2a3,0.0050451665623270038
ck_9937dad93a0ed3c1,0.0047423834606238214
ck_3dc4d464386f0eb2,0.1632163777533264
ck_e0e90b196bef3c11,0.0011457079554125496
ck_2139062d4569aa07,0.001569588872027006
ck_8de38f8c7f91961f,0.016472423526523124
ck_bdbb4230c91e1604,0.011419482783146237
ck_f7305b3c64cf8a03,0.019824174400147145
ck_454a7e4d859a3409,0.00083340837593363535
ck_00d6730134a1eb51,0.008901924465154698
ck_dd89a282375bbab6,0.089162980282745108
ck_be2251640f27a3c9,0.099805969162181166
